abase,"humilier, rabaisser, mortifier, ravaler",,,,,
abound,"abonder, regorger, foisonner",,,,,
abridge,"abréger, écourter",,,,,
absent-minded,distrait,,,,,
afresh,de nouveau,,,,,
afresh,recommencé,,,,,
aghast,"atterré, frappé d'horreur",,,,,
airy,"désinvolte, agréable, clair et spacieux, vaine, impalpable, farfelu, imaginaire, très haut",,,,,
ajar,"entrouvert, entrebâillé",,,,,
akimbo,poings sur hanche,,,,,
akin,"proche, qui tient de, analogue à, semblable à, apparenté à",,,,,
alas,hélas,,,,,
albeit,"quoique, bien que",,,,,
ale,"bière, ale",,,,,
alight,"descendre, mettre pied à terre, tomber sur, apprendre par hasard, s'arrêter",,,,,
alight,"allumé, en feu, descendant",,,,,
allay,"modérer, faire habiter / diminish or put at rest (fear, suspicion, or worry)",,,,,
allot,"attribuer, assigner, affecter",,,,,
allusion,indirect or passing reference,,,,,
aloof,distant,,,,,
amount,équivaloir,,,,,
ankle,cheville,,,,,
ankle,cheville,,,,,
apron,tablier,,,,,
arouse,"susciter, éveiller, réveiller, exciter, provoquer, stimuler",,,,,
ash,"cendre, frêne",,,,,
askance,"sans confiance, d'un œil désapprobateur",,,,,
assail,"assaillir, attaquer",,,,,
assent,"assentiment, consentement",,,,,
assent,"consentir, approuver, donner son accord",,,,,
astound,"étonner, stupéfier, ébahir, abasourdir, ahurir, confondre",,,,,
astride,à califourchon,,,,,
asunder,"en morceaux, éloignés, écartés",,,,,
at high tide,at a culminating point,,,,,
attire,"tenue, vêtement",,,,,
attire,vêtir,,,,,
auspicious,"de bonne augure, propice",,,,,
awning,"store, banne, vélum, taude",,,,,
backasswards,Very nonsensical to the point of confusion.,,,,,
bait,"appât, amorce, leurre",,,,,
bait,"appâter, amorcer, garnir, tourmenter",,,,,
banister,rampe,,,,,
bare,"nu, a nu, depouille, denude, vide, pele",,,,,
bare,"decouvrir, devoiler, reveler, mettre a nu",,,,,
bare-armed,bras nus,,,,,
barge in,"faire irruption, interrompre la conversation",,,,,
barn,"grange, étable, écurie",,,,,
bashful,"timide, pudique",,,,,
batter,"battre, frapper, écraser, endommager, maltraiter, martyriser, bombarder, délabrer, cabosser",,,,,
batter,"pâte à frire, pâte à crêpes, enfoncement",,,,,
bawl,"brailler, crier, hurler, gueuler, beugler",,,,,
be stark staring mad,,,,,,
"be stark raving mad""",to be completely crazy,,,,,
bead,perler / decorate or cover with beads,,,,,
bead,"perle, grain, goutte, guidon, bulle",,,,,
bead,guider,,,,,
beam,sourire radieusement,,,,,
bearing,a person's way of standing or moving,,,,,
beckon,"make a gesture with the hand, arm, or head to encourage someone to come nearer or follow",,,,,
bedstead,châlit,,,,,
beetle,"scarabée, coléoptère, mailloche, mouton, tapette",,,,,
beetle,proéminent,,,,,
beetle,faire proéminent,,,,,
beget,engendrer,,,,,
beggar,"mendiant, gueux, pauvre, indigent, mendigot, va-nu-pied",,,,,
beggar,"appauvrir, ruiner",,,,,
begotten,engendré,,,,,
belated,tardif,,,,,
belligerent,belligérant,,,,,
belligerent,"belligérant, querelleur",,,,,
bellow,"hurler, mugir",,,,,
bellow,mugissement,,,,,
bend,virage,,,,,
bereavement,"deuil, privation",,,,,
bestow,"donner, accorder, conferer, octroyer, consacrer, employer, utiliser",,,,,
betide smbd,arriver à qn,,,,,
billow,"onduler, se gonfler, tournoyer",,,,,
billow,"grosse vague, les flots",,,,,
billow,"onduler, se gonfler, tournoyer",,,,,
bland,"fade, doux, terne, gentil, pas malin, acclamant",,,,,
blandly,"affablement, avec affabilité",,,,,
blare,"vacarme, beuglement",,,,,
blare,claironner,,,,,
bleak,"morne, triste, lugubre, désolé, glacial, froid, rude, amer, exposé au vent",,,,,
bleak,ablette,,,,,
blear,"nuageux, chassieux",,,,,
bling yourself out,"""Bling"" refers to flashy jewelry. ""Blinging yourself out"" is to adorn yourself with many fancy-looking things.",,,,,
blister,"cloque, ampoule, bulle, soufflure, poison",,,,,
blister,"faire cloquer, piquer",,,,,
blithely,allègrement,,,,,
bloated,"gonflé, boursouflé, ballonné, bouffi, bourré, bituré",,,,,
bloke,"type, mec, homme, gonze",,,,,
bloom,"fleurir, couvrir de fleurs, être fleurissant",,,,,
bloom,"fleur, floraison, épanouissement, éclos, velouté",,,,,
blot,"tache, marque, pâté",,,,,
blot,"barbouiller, faire tache, boire",,,,,
blot out,effacer,,,,,
blotch,"tache, marbrure",,,,,
blotch,barbouiller,,,,,
blotting paper,papier buvard,,,,,
blubber,"chialer, pleurer",,,,,
blubber,"blanc de baleine, graisse de poisson",,,,,
bluish,"bleuatre, tirant sur le bleu",,,,,
blunder,"gaffe, bévue, échec",,,,,
blunder,gaffer,,,,,
blurt,"lâcher, jeter",,,,,
boast,"se vanter, vanter, fanfaronner, être fier de posséder, se glorifier d'avoir",,,,,
boast,rodomontade,,,,,
boasting,fanfaronnade,,,,,
boisterous,"tapageur, tumultueux, violent, houleux, agité",,,,,
bolt out,se sauver,,,,,
bootleg,de contrebande,,,,,
bootleg,faire la contrebande,,,,,
bootlegger,illicit distiller or smuggler of liquor,,,,,
bore,"ennuyer, lasser, percer, forer, creuser, sonder",,,,,
bore,"calibre, mascaret, trou de sonde, raseur, corvée, scie, importun, casse-pieds",,,,,
bore,a person whose talk or behavior is dull and uninteresting,,,,,
borne,carried or transported by,,,,,
bosom,"sein, cœur, poitrine, seins, corsage, milieu, fond",,,,,
bound,bondir,,,,,
bowel,intestin,,,,,
braid,"tresser, galonner, corder, soutacher, passementer",,,,,
braid,"galon, natte, soutache, gallon, borde",,,,,
brambles,ronces,,,,,
break out,"éclater, sortir, se déclarer, se déclencher, se déchaîner, s'échapper",,,,,
brim over,déborder,,,,,
brisk,"rapide, vif, actif, brusque, frais, vigoureux, vivifiant, mousseux",,,,,
brisk,"animer, activer, faire animer",,,,,
bristle,"poil, soie",,,,,
bristle,"faire hérisser, prendre une position hostile, s'hérisser",,,,,
bristly,"hérissé, malrasé, au poil dur",,,,,
brittle,"fragile, cassant, friable",,,,,
broil,"griller, brouiller, faire cuire sur le gril",,,,,
broil,querelle,,,,,
brood,"nichée, couvée, progéniture, engeance",,,,,
brood,"couver, broyer du noir",,,,,
broom,"balai, genêt / flowering shrub with long, thin green stems and small or few leaves, that is cultivated for its profusion of flowers",,,,,
brow,"front, sourcil, sommet, bord, tour d'extraction",,,,,
buck up,"remonter le moral, ravigoter, se grouiller, se magner, faire remonter",,,,,
bulge,"renflement, bombement, gonflement, poussée",,,,,
bulge,"se gonfler, se bosseler",,,,,
bumpy,"cahoteux, bossele, inegal, agite, raboteux",,,,,
bun,"chignon, brioche, petit pain au lait, biture",,,,,
burly,"de forte carrure, ardent",,,,,
burst,"éclater, crever, déborder",,,,,
burst,"éclat, explosion, élan",,,,,
bustle,tournure /  excited and often noisy activity; a stir,,,,,
bustle,"se démener, s'affairer",,,,,
bustle about,s'agiter,,,,,
butler,"majordome, maître d'hôtel",,,,,
cad,"goujat, malotru",,,,,
calf,"veau, cuir de veau, jeune homme, bloc de neige",,,,,
canvas,"toile, canevas, tableau, tente",,,,,
cardboard,carton,,,,,
cardboard,en carton,,,,,
carriage,"transport, voiture, port, fiacre, équipage, affût",,,,,
cast,"jeter, couler, fondre, lancer, lacher, perdre",,,,,
cast,"coulee, acteurs, coulage, moule, jet, lancement, empreinte, depouille",,,,,
casual,relax or unconcerned,,,,,
casual,"désinvolte, insouciant, sport, temporaire, fortuit, accidentel, intermittent, relaxe, fait par hasard, sans-gêne",,,,,
casual,"ouvrier temporaire, chaussure de sport",,,,,
catcall,sifflet,,,,,
catcall,siffler,,,,,
catch hold of,attraper,,,,,
caterer,"traiteur, fournisseur",,,,,
caterwaul,miauler,,,,,
caterwaul,miaulement,,,,,
chafe,"frotter, irriter, user, raguer, frictionner, mettre en colère, faire chauffer, s'irriter",,,,,
charred,carbonisé,,,,,
chasm,"gouffre, abîme, différence",,,,,
chew the rag with someone,make friendly conversation with someone,,,,,
chirp,"gazouiller, pépier, chanter",,,,,
chirp,gazouillis,,,,,
chirrup,gazouillis,,,,,
chirrup,"gazouiller, pépier, striduler",,,,,
chop,"côtelette, joue, coup dur",,,,,
chop,"hacher, couper, trancher, frapper, troquer",,,,,
chuck,"mandrin, paleron, chasse, court lancement, caresse le menton, nourriture",,,,,
chuck,"jeter, plaquer, lancer, abandonner, demissionner, vomir, renvoyer",,,,,
chuck the old crap around,telling hot stories,,,,,
chuckle,gloussement,,,,,
chuckle,glousser,,,,,
cicada,cigale,,,,,
clad,habillé,,,,,
clad,plaquer,,,,,
cladding,revêtement,,,,,
clamber,"grimper, escalader, gravir péniblement",,,,,
clamp,"serrer, attacher",,,,,
clamp,"crampon, agrafe, valet",,,,,
clasp,"fermoir, boucle",,,,,
clasp,"enlacer, boucler, serrer les mains, arrêter, s'agrafer, s'attacher",,,,,
clatter,"cliquetis, fracas, bruit, bavardage",,,,,
clatter,"claquer, resonner, faire du bruit, bavarder",,,,,
clench,"empoigner, serrer la main, riposter, fixer, appliquer, regler",,,,,
clinch,"river, régler, accorder, enlacer, étalinguer, se cramponner / confirm or settle",,,,,
clinging,overly dependent on someone emotionally / fitting closely to the body and showing its shape,,,,,
clink,"choquer, faire tinter, faire resonner, cracher",,,,,
clink,"tole, prison",,,,,
clog,"sabot, socque, galoche, obstacle",,,,,
clog,"boucher, bloquer, entraver, engorger",,,,,
cloister,cloitre,,,,,
clot,"coaguler, cailler, figer",,,,,
clot,"caillot, bloc, veau",,,,,
cloth,"tissu, chiffon, toile, étoffe, nappe, voile, reliure",,,,,
cloth,"habiller, revêtir",,,,,
clutch,"embrayage, prise, ponte, étreinte, contrôle, pédale d'embrayage",,,,,
clutch,"empoigner, enserrer, fixer, tomber sous les griffes",,,,,
coalman,charbonnier,,,,,
coarse,canaille,,,,,
coarse,"grossier, vulgaire, gros, rude, fruste, mauvais",,,,,
coax,"amadouer, cajoler, obtenir",,,,,
coax,cajolerie,,,,,
coaxingly,câlinement,,,,,
cobble,"bricoler, paver",,,,,
cobble,pavé,,,,,
cobbly,caillouteux,,,,,
cock,tilt smth in a particular direction,,,,,
commissioner,"commissaire, délégué",,,,,
complacent,"satisfait, content de soi, gentil",,,,,
compound,"compose, composant",,,,,
compound,"compose, enceinte, combine, terrain vaste",,,,,
compound,"aggraver, combiner, se convenir",,,,,
conceal,"dissimuler, cacher, masquer",,,,,
conceit,"vanité, idée, conception, imagination",,,,,
conceited,"vaniteux, orgueilleux, suffisant, arrogant, ambitieux, indifferent",,,,,
conjuror,"prestidigitateur, sorcier, illusionniste",,,,,
conscientious,consciencieux,,,,,
conseit of oneself,orgueil de soi-meme,,,,,
consort,"epoux, epouse, camarade, petit ensemble",,,,,
conspicuous,"visible, évident, claire, formidable",,,,,
contemptible,"méprisable, indigne",,,,,
contrive,create or bring about (an object or a situation) by deliberate use of skill and artifice,,,,,
contrived,artificiel,,,,,
convolvulus,liseron,,,,,
cork,"liege, bouchon, chene liege",,,,,
cork,boucher,,,,,
cork,"liège, bouchon",,,,,
cork,en liège,,,,,
cork,boucher,,,,,
cornucopia,corne d'abondance,,,,,
corny,"banal, de ble",,,,,
corrugate,"onduler, rider, ramifier, plisser, se rider, se ramifier",,,,,
cosy,"confortable, douillet, chaud",,,,,
cosy,couvercle d'une theiere,,,,,
countenance,"visage, figure, encouragement, support, tranquillité, gravité",,,,,
countenance,"encourager, supporter",,,,,
counterfeit,"contrefaire, falsifier, fausser",,,,,
counterfeit,"contrefaçon, faux",,,,,
counterfeit,faux,,,,,
cower,"se recroqueviller, se tapir",,,,,
coy,timide,,,,,
cram,rassemblement,,,,,
cram,"fourrer, bourrer, bûcher, bachoter, remplir, engraisser, bonder, faire manger beaucoup, raconter des mensonges",,,,,
cran out,se pencher au dehors de,,,,,
crane,"grue, géranium",,,,,
crane,"hésiter, faire lever",,,,,
crate,"caisse, boîte, cageot, cagette",,,,,
crate,"mettre en caisse, mettre en cageot",,,,,
creak,"craquer, grincer",,,,,
creak,craquement,,,,,
crease,"pli, pliure, branche",,,,,
crease,"froisser, chiffonner, plisser, se froisser, faire blesser",,,,,
crimson,"cramoisi, incarnat",,,,,
crinkly,crépus,,,,,
crisscross,sillonner,,,,,
crisscross,containing a number of straight lines or paths that intersect each other,,,,,
crock,"cruche, pot de terre, vaisselle, morceau de tesson, vieille rosse, cheval fourbu, vieux clou",,,,,
crock,crouler,,,,,
crockery,"vaisselle, poterie",,,,,
croon,"chantonner, chanter, roucouler",,,,,
crummy,"sale, ignoble, sans valeur, pas cher",,,,,
crumple,"froisser, chiffonner, se froisser, friper, battre, s'effondrer",,,,,
crumple,branche,,,,,
cuddle,"cajoler, caresser, embrasser",,,,,
cuddle,"caresse, étreinte, câlinerie",,,,,
cuff,"manchette, poignet, manchon, revers, menotte, gifle, taloche",,,,,
cuff,"talocher, donner une gifle, mettre les menottes à",,,,,
cufflink,bouton de manchette,,,,,
cunning,"ruse, astuce / skill in achieving one's ends by deceit",,,,,
curb,"freiner, endiguer, restreindre, controler, retenir",,,,,
curb,"gourmette, bord du trottoir, restriction, mors",,,,,
curbstone,margelle,,,,,
curtly,sèchement,,,,,
dachshund,teckel,,,,,
dainty,"délicat, mignon, bon, chic",,,,,
dainty,"friandise, mets délicat",,,,,
dangling,ballant,,,,,
dapper,"pimpant, élégant, chic, actif",,,,,
daring,"audace, hardiesse",,,,,
daring,hardi,,,,,
darn,repriser,,,,,
darn,reprise,,,,,
dash,"ruée, élan",,,,,
dash,run or travel somewhere in a hurry,,,,,
dawdle,"lambiner, flâner, lanterner",,,,,
daze,"hébéter, étourdir, méduser, abasourdir",,,,,
daze,"stupéfaction, ahurissement",,,,,
dazzling,"éblouissant, éclatant",,,,,
decency,"décence, pudeur, convenance, morale, politesse",,,,,
deceptive,"trompeur, illusoire, dupeur",,,,,
deed,"acte, action, acte notarié, document, contrat",,,,,
deed,"transférer par acte notarié, changer par acte",,,,,
deft,"habile, adroit, preste",,,,,
delude,"illusionner, tromper, duper",,,,,
demure,"sage, modeste",,,,,
despicable,"méprisable, ignoble, abject, imbécile",,,,,
despond,"décourager, déprimer",,,,,
despondently,unhappily,,,,,
diffident,"timide, qui se défie de soi, qui manque d'assurance",,,,,
dilatory,slow to act,,,,,
dimple,"fossette, ride",,,,,
din,"vacarme, tapage, chahut, boucan",,,,,
din,"faire un chahut, dresser qn à être propre, se chahuter",,,,,
disentangle,"dénouer, se dépêtrer, faire débrouiller",,,,,
dismal,"lugubre, triste, morne, sombre",,,,,
dismally,lamentablement,,,,,
dismay,consternation,,,,,
dismay,"consterner, emplir",,,,,
dispel,"dissiper, chasser",,,,,
distraught,"éperdu, égaré, affolé",,,,,
ditch,"fossé, rigole, égout",,,,,
ditch,"laisser tomber, plaquer, creuser, se débarrasser de, éviter, encercler par un fossé, mettre dans l'eau",,,,,
dngy,"sombre, douteux, imbécile",,,,,
dodderer,"vieux, croulant",,,,,
dodge,"esquiver, resquiller, faufiler, tergiverser, éviter de payer, aller et venir, faire un saut",,,,,
dodge,"esquive, truc, mouvement de côté",,,,,
dopy,"drogue, dope, nouille, cretin",,,,,
dough,"Pate, fric, pognon",,,,,
douse,"éteindre, tremper, inonder, plonger dans l'eau",,,,,
down,pente,,,,,
downcast,"abattu, découragé, baissé, démoralisé",,,,,
downpour,"averse, déluge, pluie torrentielle",,,,,
doze,"sommeiller, faire un petit somme, être assoupi",,,,,
doze,somme,,,,,
draft,a single act of drinking or inhaling,,,,,
draw up,"dresser, rédiger, faire, ranger, instrumenter, tirer à sec, traîner, se diriger, s'arrêter",,,,,
drawl,"parler d'une voix traînante, annoncer d'une voix traînante",,,,,
drawling,traînant,,,,,
dreadful,"terrible, redoutable, affreux, horrible, epouvantable, atroce, detestable, effrayant, monstrueux, insupportable, passionnant",,,,,
dreary,"morne, triste, lugubre",,,,,
drench,"tremper, mouiller, se faire saucer, infuser",,,,,
drench,médicament,,,,,
drifter,"chalutier, qui manque de stabilité, qui n'a pas de but dans la vie",,,,,
drip,"goutter, dégoutter, ruisseler, tomber goutte à goutte, s'égoutter",,,,,
drip,"goutte, perfusion, larmier, lavette",,,,,
drive away,"chasser, éloigner, démarrer",,,,,
drivel,"radotage, imbecilite, betise",,,,,
drivel,"radoter, agir d'une maniere imbecile, dire n'importe quoi",,,,,
drizzle,"bruine, crachin, pluie fine",,,,,
drizzle,"bruiner, crachiner",,,,,
droll,"drôle, comique, bizarre",,,,,
drooping,"tombant, penché, qui commence à se faner",,,,,
drowsy,"somnolent, ensommeillé, tout endormi",,,,,
dubious,"douteux, incertain, suspect, équivoque, hasardeux, véreux, hésitant",,,,,
duck,"canard, cane, coutil",,,,,
duck,"éviter, se défiler, faire boire la tasse, plonger dans l'eau, s'échapper",,,,,
dumping,"déversement, écoulement des marchandises, vente à bas prix",,,,,
dusk,"crépuscule, soir, nuit tombante",,,,,
dusk,"crépusculaire, obscure",,,,,
dusky,"sombre, crépusculaire, foncé, mat",,,,,
duster,"a woman's loose, lightweight, full-length coat without buttons, of a style originally worn in the 1920s when traveling in an open car",,,,,
dwell,"habiter, demeurer, résider, exister, situer",,,,,
dwell upon,insister sur,,,,,
dwelling,habitat,,,,,
eagerly,avidement,,,,,
earnestly,sérieusement,,,,,
eavesdrop,"espionner, écouter de façon indiscrète",,,,,
eavesdropping,écoute,,,,,
ebb,reflux,,,,,
ebb,"refluer, décliner",,,,,
eerie,"étrange, sinistre, qui donne le frisson",,,,,
eiderdown,édredon,,,,,
elate,"ravir, enthousiasmer",,,,,
elate,euphorique,,,,,
elation,"allégresse, exultation",,,,,
elicit,"obtenir, tirer, provoquer, arracher, extraire, mettre à jour, faire sortir",,,,,
elm,orme,,,,,
elusive,"insaisissable, évasif, fuyant, fugitif, qui échappe",,,,,
embrace,"étreinte, embrasse, embrassade",,,,,
embrace,"embrasser, étreindre, adopter, saisir, comprendre, enlacer",,,,,
embroider,"broder, enjoliver, orner",,,,,
enamel,émail,,,,,
enamel,émailler,,,,,
enamel,émaillé,,,,,
engross,"grossoyer, absorber, captiver, préparer, être plongé dans un livre, s'absorber",,,,,
enliven,animer,,,,,
entail,"entraîner, comporter, hériter",,,,,
entail,"entraînement, biens inaliénables, héritage",,,,,
entangle,"emmêler, empêtrer, impliquer, faire compliquer",,,,,
entreat,"supplier, prier, implorer",,,,,
entreatingly,suppliant,,,,,
entreaty,"priere, supplication, imploration",,,,,
errand,"course, commission, mission / a short journey undertaken in order to deliver or collect something, often on someone else's behalf",,,,,
exhilarating,exaltant,,,,,
extemporize,improviser,,,,,
eyelid,paupière,,,,,
eyesore,horreur,,,,,
faintly,"faiblement, timidement, d'une voix éteinte, d'un ton un peu éteint",,,,,
fairhaired,"blond, aux cheveux blonds",,,,,
falsehood,mensonge,,,,,
faltering,"chancelant, hésitant",,,,,
faltering,"hésitant, entrecoupé",,,,,
fatuous,"stupide, idiot, sot",,,,,
fawn,"flagorner, flatter",,,,,
fawn,faon,,,,,
fawn,"give a servile display of exaggerated flattery or affection, typically in order to gain favor or advantage",,,,,
feast,"fête, festin, banquet, régal, grand plaisir",,,,,
feast,"régaler, festoyer, fêter, faire la fête, banqueter, organiser une petite fête",,,,,
feathery,"léger, plumeté",,,,,
feeble,"faible, débile, frêle",,,,,
feign,"feindre, simuler",,,,,
fencing,"escrime, cloture, barriere, obstacle, protection, lutte, biens",,,,,
fender,"aile, protection, clôture, barrière, garde-boue, garde-feu, pare-chocs",,,,,
fetch,"rapporter, faire apporter, faire sortir, inviter, creuser",,,,,
fickle,"inconstant, changeant",,,,,
fiddle,"violon, blague",,,,,
fiddle,"jouer du violon, truquer, magouiller, violoner, faire de la fraude",,,,,
fiddle around with,bricoler,,,,,
fidget,"bouger impatiemment, faire attention aux details, donner des signes d'impatience",,,,,
fidget,"impatience, inquietude",,,,,
fidget about,s'agiter,,,,,
fidgety,"agité, nerveux, remuant, inquiétant, difficile à satisfaire",,,,,
fiend,"deomn, monstre, mordu, enrage, infernal",,,,,
fir,sapin,,,,,
firecracker,petard,,,,,
fistful,poignée,,,,,
fit,"convenable, capable, prêt, équipé, en bonne santé, propice, préparé, concordé",,,,,
fit,"répondre à, mettre, fixer, préparer, munir, chausser, aller avec, être en harmonie, s'adapter, s'accorder, s'appliquer",,,,,
fit,"crise, explosion",,,,,
fit of hysterics,crise de nerfs,,,,,
flabby,"flasque, mou",,,,,
flaming,"flamboyant, ardent, éclatant",,,,,
flash about,show off,,,,,
flatly,catégoriquement,,,,,
flax,lin,,,,,
flckering,"battement des cils, cillement",,,,,
fleeting,"fugace, fugitif",,,,,
flicker,"vaciller, osciller, trembloter, danser, ciller",,,,,
flicker,"lueur, vacillement, tremblement, battement, danse de flammes, oiseau",,,,,
flickering,"vacillant, qui tremble",,,,,
flighty,"volage, frivole, inconstant, agité",,,,,
flimsy,"fragile, mince, peu solide, piètre, pelure, délicat, tendre",,,,,
fling,"jeter, lancer, envoyer, balancer, se lancer",,,,,
fling,"lancement, flanquement, mépris, tentative, poussée",,,,,
flinty,à silex,,,,,
floozy,"poule, pouffiasse, traînée",,,,,
florid,"fleuri, rougeaud, orné, plein de fioritures, tarabiscoté",,,,,
flounce,"volant, colère, agitation, impatience, indignation",,,,,
flounce,"marcher avec difficulté, s'agiter",,,,,
flounder,patauger / struggle or stagger helplessly or clumsily in water or mud,,,,,
flourish,"bold or extravagant gesture or action, made especially to attract the attention of others",,,,,
fluff,"duvet, raté",,,,,
fluff,"bouffer, ébouriffer, rater, duveter, se gonfler",,,,,
flunk,"louper, etre recale, se planter, se faire virer, etre colle",,,,,
flurry,"rafale, agitation, risée",,,,,
flurry,"troubler, agiter, effarer",,,,,
flush,"débusquer, rougir, nettoyer à grande eau, éclater, faire un élan, faire agiter, se montrer, reculer",,,,,
flush,"rougeur, rougeoiement, flux, élan, lueur rouge",,,,,
flush,abondant,,,,,
flutter,"battement, émoi, agitation, trouble, palpitation, battement d'ailes",,,,,
flutter,"voleter, palpiter, papillonner, agiter, tourbillonner, battre faiblement",,,,,
foil,"dejouer, battre, tirer au sabre",,,,,
foil,"feuille de metal, lame de metal, epee, plissement",,,,,
folding stool,chaise pliable,,,,,
fondle,caresser,,,,,
fondle,caresser,,,,,
footpath,"sentier, trottoir",,,,,
for the sake of,"pour l'amour de, pour l'intérêt de",,,,,
foray,"incursion, razzia, raid",,,,,
foray,faire un raid,,,,,
forebode,"pressentir, presager, avertir, avoir le pressentiment",,,,,
forsaken,"abandonné, délaissé, négligé",,,,,
forthcoming,"à venir, prochain, à paraître, ouvert",,,,,
forthcoming,disposition,,,,,
fortnight,"quinze jours, deux semaines",,,,,
fountain pen,stylo à plume / à encre,,,,,
fractious,"hargneux, grincheux",,,,,
frail,"frêle, fragile, faible",,,,,
freckles,tâches de rousseur,,,,,
freedman,affranchi,,,,,
frock,"robe, redingote, froc",,,,,
frolic,"gambader, batifoler, folâtrer, ébattre",,,,,
frolic,"ébats, gambade",,,,,
frontispiece,frontispice / an illustration facing the title page of a book / the principal face of a building,,,,,
froth,"mousse, écume",,,,,
froth,"mousser, écumer, rocher",,,,,
fumble,"tâtonner, chercher, mal attraper la balle, agir avec maladresse, souiller, répondre avec maladresse",,,,,
furrow,"sillon, ride, rigole",,,,,
furrow,"sillonner, labourer, rider",,,,,
fuss,"agitation, tapage",,,,,
fuss,"discuter, plaindre, inciter, s'agiter, s'inquiéter",,,,,
fussy,"difficile, méticuleux, maniaque, tarabiscoté, très énervé, très orné",,,,,
galosh,"a waterproof overshoe, typically made of rubber - galoche",,,,,
gangway,"couloir, allée, passage, échelle",,,,,
garrulous,"bavard, loquace, volubile, verbeux",,,,,
garter,"jarretière, jarretelle, fixe-chaussette",,,,,
gasp,haleter,,,,,
gaudy,"criard, voyant",,,,,
gaunt,"décharné, émacié, morne, creux, triste",,,,,
gauzy,gazeux,,,,,
genteel,"distingué, chic",,,,,
get the ax,lose it,,,,,
ghastly,"horrible, épouvantable, affreux, effrayant, blême, livide, énorme",,,,,
giddiness,"vertige, étourderie",,,,,
giddy,"étourdi, vertigineux, pris de vertige, écervelé",,,,,
giddy,"avoir le vertige, être pris de vertige",,,,,
giggle,"puffer de rire, rire sottement",,,,,
giggle,petit rire sot,,,,,
giggle,"pouffer de rire, rire sottement",,,,,
gilt,doré,,,,,
gilt,"dorure, or, petit cochon",,,,,
gingerly,avec précaution,,,,,
gingerly,délicat,,,,,
girder,"poutre, longeron",,,,,
gist,"essentiel, fond, point principal",,,,,
give someone a bang,to give someone a bit of excitement,,,,,
give someone a buzz,to give someone a chuckle or a bit of enjoyment,,,,,
give the once-over,to quickly look at someone or examine something in order to see what they are like,,,,,
gladstone,a small traveller's bag,,,,,
glare,"éblouissement, éclat, long regard, regard de mépris",,,,,
glare,"regarder sans retourner, éclater",,,,,
gleam,"lueur, reflet, lumière, rayon de lumière",,,,,
gleam,"briller, luire, étinceler, resplendir, rutiler, chatoyer",,,,,
glee,"joie, allégresse, jubilation",,,,,
glimmer,"lueur, faible lueur, éclat, idée ambiguë",,,,,
glimmer,"luire, briller, luire faiblement",,,,,
glimpse,"apercevoir, jeter un regard rapide",,,,,
glimpse,"lueur, regard rapide, coup d'œil",,,,,
glint,"reflet, lueur, trait de lumière",,,,,
glisten,"luire, etinceler, chatoyer",,,,,
glisten,scintillement,,,,,
glistening,"scintillant, brillant",,,,,
glitz,extravagant but superficial display,,,,,
glitz,paillettes,,,,,
glitz up,make (something) glamorous or showy,,,,,
gloat,"jubiler, exulter",,,,,
gloom,"obscurité, tristesse, mélancolie, obscure",,,,,
gloom,"se frustrer, être mélancolique",,,,,
gloss,"brillant, lustre, glose, éclat, commentaire, cati, paraphrase",,,,,
gloss,"dissimuler, interpréter, commenter, faire briller",,,,,
glowing,"embrasé, rougeoyant, éclatant, rutilant",,,,,
gnaw,"ronger, troubler, ennuyer, se ranger, percer",,,,,
gnawing,persistently worrying or distressing,,,,,
gobble up,engloutir,,,,,
goggle-eyed,aux yeux exorbités,,,,,
goner,a person or thing that is doomed or cannot be saved,,,,,
gown,"robre, toge",,,,,
gown,"robe, toge",,,,,
grapple,"saisir avec un grappin, lutter avec, se colleter",,,,,
grating,"grille, grillage, grincement",,,,,
grating,"grinçant, discordant, agaçant, énervant",,,,,
gravy,"good, running smoothly",,,,,
gravy,"argent mal acquis, sauce au jus de viande",,,,,
greyhound,lévrier,,,,,
grievance,"grief, doléance, tort, sujet de plainte, condoléances",,,,,
grim,"sinistre, lugubre, macabre, triste, abattu, severe, menacant, sardonique",,,,,
grimly,sinistrement,,,,,
grin,"sourire, grimace",,,,,
grin,"sourire, grimacer, écraser",,,,,
grippy,adherent,,,,,
groan,dire en gémissant,,,,,
grool,Grool is not squirting. It is the lube that women produce when they are sexually aroused. Some girls have clear grool and some girls have creamy grool.,,,,,
grope,"tâtonner, peloter, chercher un moyen",,,,,
grope around,tatonner,,,,,
groping,"tâtons, tâtonnement",,,,,
grovel,"se vautrer, se traîner, se mettre à plat ventre, s'aplatir",,,,,
grow dim,pâlir,,,,,
grudge,rancune,,,,,
grudge,"plaindre, rechigner, donner à contrecoeur, rouspéter",,,,,
gruff,"bourru, brusque, grossier",,,,,
gruffly,d'un ton bourru,,,,,
grunt,"grogner, grommeler",,,,,
grunt,"grognement, grogneur",,,,,
guffaw,gros éclat de rire,,,,,
guffaw,"pouffer de rire, rire bruyamment, rire aux éclats, esclaffer",,,,,
gulp,"avaler, engloutir, lamper, refouler, avaler à pleine gorge",,,,,
gulp,"gorgée, trait, lampée, coup de gosier, serrement de gorge",,,,,
gush,"jet, flot, bouillonnement, vague d'effusion",,,,,
gush,"fuser, parler avec animation / flow out in a rapid and plentiful stream, often suddenly",,,,,
gust,"rafale, coup de vent, bouffée, bourrasque, brise, orage, tendance, réjouissance, rejaillissement",,,,,
gusto,"enthousiasme, plaisir, animation, gustation, appréciation, tendance",,,,,
gut,"intestin, boyau, courage, gros intestin, corde de boyau, goulet, ver",,,,,
gut,"vider, etriper",,,,,
gut,"instinctif, visceral",,,,,
gymkhana,place where skill-based contests are held,,,,,
hag,"vieille sorcière, vieille harpie, vieille chouette, fée",,,,,
hail,"pluie, grele",,,,,
hail,"saluer, heler",,,,,
halitosis,mauvaise haleine,,,,,
hamper,"entrave, panier",,,,,
hamper,"entraver, gêner, embarrasser, mettre des obstacles, refouler",,,,,
handlebar,guidon,,,,,
handless,maladroit,,,,,
handsome,"beau, généreux, élégant, chic, agréable, racé, énorme, convenable",,,,,
handsome,bel homme,,,,,
handsomely,grassement,,,,,
hanky,mouchoir,,,,,
haphazard,au hasard,,,,,
harbor,"port, havre, refuge",,,,,
harbor,"abriter, héberger, receler, entretenir, garder, présager",,,,,
harlot,"prostituée, courtisane, prostitution",,,,,
harrow,"herse, herseur, extirpateur, pillage",,,,,
harrow,"piller, harceler / cause distress to",,,,,
harrowing,"poignant, atroce, navrant",,,,,
haste,"hâte, célérité, précipitation, diligence, accélération",,,,,
hasten,"accélérer, hâter, se dépêcher, s'empresser",,,,,
hastily,"hâtivement, précipitamment, en hâte",,,,,
hasty,"precipite, hatif, impatient, ecervele",,,,,
hatch,"eclore, couver, hachurer, tramer, se produire",,,,,
hatch,"trappe, eclosion, ecoutille, hayon, porte, guichet, vanne, chambre",,,,,
haughty,"hautain, arrogant, plein de morgue",,,,,
heady,"capiteux, grisant, impétueux, obstiné, sévère",,,,,
heap,"tas, amas, masse, monceau, pile, entassement, tacot",,,,,
heap,"amonceler, invectiver",,,,,
hearse,"corbillard, fourgon mortuaire",,,,,
heather,bruyière,,,,,
heave,"houle, levée, nausée, tirage, haut-le-cœur",,,,,
heave,"lever, vomir, traîner, faire un effort, lutter",,,,,
heed,"attention, soin, garde",,,,,
heed,"tenir compte de, faire attention, prendre garde a",,,,,
heedless,"inattentif, etourdi, negligent",,,,,
heel,"talon, inclinaison, salaud",,,,,
heel,"gîter, pencher, ratisser, donner de la bande",,,,,
hem and haw,bafouiller,,,,,
hemmed,ourlé,,,,,
hen,"poule, femelle, cocotte",,,,,
henceforth,désormais,,,,,
henceforward,à l'avenir,,,,,
herd,"troupeau, foule, harde, troupe, bande",,,,,
herd,"rassembler, conduire, mener",,,,,
herring,hareng,,,,,
highball,whisky,,,,,
highbrow,"intellectuel, savant",,,,,
hinder,"empêcher, gêner, arrêter, faire entraver, se lever",,,,,
hinge,"charnière, gond, paumelle, onglet",,,,,
hinge,"dépendre de, mettre des charnières",,,,,
hip,hanche,,,,,
hitherto,jusqu'alors,,,,,
hitherto,jusqu'alors,,,,,
hoard,"amasser, faire des provisions",,,,,
hoarse,"rauqe, enroue",,,,,
hold forth,"pérorer, forcer à rester par terre",,,,,
hold out,"tendre, présenter, proposer, tenir le coup, tenir bon, tenir son souffle",,,,,
holler,brailler,,,,,
hollow,"creux, vide, cave, faux, dissimule",,,,,
hollow,"creux, cavite",,,,,
hollowly,sourdement,,,,,
homely,"simple, familial, laid, ordinaire, sans charme, comme à la maison, sans façon, naturel",,,,,
hoodwink,frauder / deceive or trick,,,,,
hoof,"sabot, patte",,,,,
hoot,"huer, hululer, siffler, conspuer, esclaffer",,,,,
hoot,"huée, hululement, petite quantité",,,,,
hooting,hululement,,,,,
hopscotch,marelle,,,,,
horn-rimmed,à monture d'écaille,,,,,
horse around,"chahuter, faire le fou, faire l'idiot, faire l'andouille",,,,,
hound,"chien, chien de chasse, acharnement, canaille, basset, crapule",,,,,
hound,"traquer, talonner, poursuivre",,,,,
houndstooth,pied-de-poule,,,,,
hourglass,sablier,,,,,
house porter,portier de villa,,,,,
hover,"flotter, osciller, voltiger, rôder",,,,,
hover,voltigement,,,,,
howl,"hurler, gueuler",,,,,
howl,"hurlement, mugissement, braillement",,,,,
hubbub,"brouhaha, vacarme",,,,,
huddle,"se blottir, se rassembler, accumuler",,,,,
huddle,"réunion, tas, foule, conférence",,,,,
hum,"fredonner, chantonner, bourdonner, bruire, vrombir",,,,,
hum,"bourdonnement, vrombissement",,,,,
hunch,"vouter, se pencher, se vouter",,,,,
hunch,"pressentiment, bosse, morceau, bloc",,,,,
hunchback,bossu,,,,,
hunchback,bossu,,,,,
hunched,voûté,,,,,
hurtle,"lancer avec violence, se ruer",,,,,
hush,"silence, calme",,,,,
hush,"faire taire, supprimer, faire calmer",,,,,
hushed,feutré,,,,,
husky,"rauque, enroué, costaud, voilé, gros",,,,,
husky,"chien de traineau, chien esquimeau",,,,,
hydrant,bouche d'incendie,,,,,
i shannot go there,je ne vais plus y aller,,,,,
ice-pail,seau à glace,,,,,
idle,"tourner au ralenti, paresser, fainéanter",,,,,
idle,"au repos, paresseux, vain, futile, inoccupé, fainéant, en chômage, sans occupation",,,,,
idly,"paresseusement, négligemment, sans travailler, sans travail, avec négligence",,,,,
in the least,au moins,,,,,
inconspicuous,"discret, peu voyant, qui passe inaperçu, à peine visible",,,,,
incontinent,incontinent / having no or insufficient voluntary control over urination or defecation,,,,,
incubus,"incube, cauchemar, demon qui couche avec une femme endormie",,,,,
indefatigably,infatigablement,,,,,
indefinable,indéfinissable,,,,,
indignant,indigné,,,,,
indrawn,"shy and introspective, aspiré",,,,,
indulge,"céder à, gâter / allow oneself to enjoy the pleasure of",,,,,
inebriated,en état d'ébriété,,,,,
ineptly,maladroitement,,,,,
innuendo,"insinuation, allusion",,,,,
insidious,"insidieux, traître, trompeur",,,,,
instep,"cambrure, cou-de-pied",,,,,
iridescent,showing luminous colors that seem to change when seen from different angles,,,,,
irksome,"ennuyeux, irritant, ingrat",,,,,
irrecoverable,"irrécupérable, irrécouvrable, irrémédiable, irréparable",,,,,
itch,"démanger, éprouver des démangeaisons, susciter, avoir envie de faire qqch, faire agacer",,,,,
itch,"démangeaison, envie",,,,,
ivy,lierre,,,,,
jabber,"jacasser, bavarder, bafouiller",,,,,
jabber,"bavardage, jacasserie, baragouinage, brouhaha",,,,,
janitor,"concierge, portier, gardien",,,,,
jauntiness,"dapperness, rakishness, nattiness",,,,,
jaunty,"désinvolte, enjoué, joyeux, allègre, vif, chic",,,,,
jeer,"railler, conspuer, persifler",,,,,
jeer,"raillerie, sarcasme",,,,,
jerk,"saccader, secouer, tirer brusquement, se crisper, cahoter, sécher la viande",,,,,
jerk,"secousse, imbécile, abruti, saccade, salaud, mouvement brusque, tressaillement, crispation nerveuse",,,,,
jerk up,to pull something up quickly,,,,,
jerkily,par saccades,,,,,
jerky,"saccadé, haché, heurté",,,,,
jersey,pull-over,,,,,
jest,plaisanter,,,,,
jest,"plaisanterie, farce, blague",,,,,
jilt,"quitter, abandonner, plaquer",,,,,
jitterbug,danser le jitterbug,,,,,
jockstrap,"suspensoir, slip de sport",,,,,
jog,secousse,,,,,
jog,"faire du jogging, secouer, cahoter, bringuebaler",,,,,
jolly,"gai, jovial, enjoué, agréable",,,,,
jolly,gaieté,,,,,
jolly,drôlement,,,,,
jostle,bousculade,,,,,
jostle,"se bousculer, jouer des coudes, heurter, pousser, se gratter, entrer en collision",,,,,
jump ship,get out of a situation entirely,,,,,
jut,saillie,,,,,
jut out,saillir,,,,,
keen,"vif, aigu, fin, pénétrant, piquant, enthousiaste, aiguisé, intense, acharné, tranchant",,,,,
keen,mélopée funèbre,,,,,
keen,chanter une mélopée funèbre,,,,,
keenly,vivement,,,,,
kindle,"allumer, enflammer, embraser, attiser, susciter, inciter",,,,,
knitted,"tricoté, en tricot",,,,,
knock-knee,genu valgum / a condition in which the knees angle in and touch one another when the legs are straightened,,,,,
knockout,"perfect, very good",,,,,
knot,"nœud, nodule, lien, moeud marin, petit groupe de gens",,,,,
knot,"nouer, attacher, se marier, emmêler",,,,,
knuckle,"articulation, jointure de doigt",,,,,
lacquer,laque,,,,,
lacquer,"laquer, mettre de la laque",,,,,
lamely,sans conviction,,,,,
lampoon,"pamphlet, satire",,,,,
lampoon,"tourner en dérision, ridiculiser",,,,,
languid,"languissant, langoureux, alangui, indolent, paresseux",,,,,
lap,"tour, giron, chevauchement, boucle, étape, repli, lapement, lapidaire",,,,,
lap,"laper, chevaucher, enrouler, tourner, clapoter, envelopper, prendre un tour d'avance",,,,,
lap up,laper,,,,,
lapel,revers,,,,,
lapse,"laps, lapse, lapsus",,,,,
lapse,"disparaître, abandonner, cesser de pratiquer, redonner dans, faire une erreur",,,,,
lapse,"a temporary failure of concentration, memory, or judgment",,,,,
"an interval or passage of time""",,,,,,
lark,"rigoler, blaguer / enjoy oneself by behaving in a playful and mischievous way",,,,,
lash,"fouetter, fustiger, attacher, fixer, réprimander, envoyer des coups, tomber avec violence",,,,,
lash,"mèche, coup de fouet, lanière, coup, réprimande, corde",,,,,
lashes,cils,,,,,
lass,"fille, petite amie, copine",,,,,
lather,"mousse, écume, tourneur",,,,,
lather,"mousser, écumer, rosser, s'énerver",,,,,
laudable,"louable, digne de louange",,,,,
lavish,prodiguer,,,,,
lavish,"copieux, luxueux, genereux",,,,,
lay stress on,mettre l'accent,,,,,
lazybones,fainéant,,,,,
leaden,"plombé, lourd, terne, morne, mauvais",,,,,
lean,"maigre, pauvre, sec, difficile",,,,,
lean,"maigre, pente, inclination, accoudoir",,,,,
lean,"pencher, appuyer sur, faire pression",,,,,
lean forward,se pencher en avant,,,,,
leaning,tendance,,,,,
leap,"saut, bond, gambade",,,,,
leap,"sauter, bondir, gambader, cabrioler",,,,,
leash,"laisse, filière, créance",,,,,
leash,"tenir en laisse, maîtriser",,,,,
lechery,"luxure, lubricite",,,,,
ledge,"rebord, saillie, recif, haut-fond",,,,,
leech,sangsue,,,,,
leer,lorgner,,,,,
leer,"regard mauvais, regard concupiscent",,,,,
lefthanded,"gaucher, maladroit",,,,,
leisurely,"tranquille, calme, lent, mesuré, pondéré, fait sans se presser",,,,,
leisurely,"lentement, sans faire de gros efforts",,,,,
lest,"de peur de, de crainte de",,,,,
levity,"légèreté, inconstance, manque de sérieux",,,,,
lewd,"obscène, lubrique, lascif",,,,,
liable,"assujetti, endette",,,,,
libel,calomnie,,,,,
limb,"membre, limbe, grosse branche",,,,,
limb,mettre en pièces,,,,,
limb,membre,,,,,
linger on,s'attarder sur,,,,,
listlessly,nonchalamment,,,,,
lithe,"souple, agile",,,,,
lively,"animé, vif, agile, vivant, plein de vie, vigoureux, pétulant",,,,,
lively,avec vivacité,,,,,
loaf,pain,,,,,
loaf,"flemmarder, traînasser",,,,,
loath,"répugnant, détestable, écoeurant",,,,,
lodger,"locataire, pensionnaire",,,,,
loll,"se prélasser, pendre, ballotter, fringuer, faire pendre",,,,,
lonesome,"solitaire, seul, isole, tout seul",,,,,
longing,"désir, nostalgie, envie, convoitise",,,,,
loofah,"a coarse, fibrous cylindrical object used like a bath sponge for washing. It consists of the dried fibrous matter of the fluid-transport system of a marrowlike fruit.",,,,,
loom,métier à tisser,,,,,
loom,"tisser, surgir, apparaître, se dessiner",,,,,
loom,"indistinct, apparu",,,,,
loot,piller,,,,,
loot,"butin, pognon",,,,,
lorry,"camion, poids lourd",,,,,
lousy,"pouilleux, sale, salaud, lache, plein de, bourre de",,,,,
lovesick,"qui languit d'amour, qui meurt d'amour",,,,,
low end,bas de gamme,,,,,
lull,"accalmie, pause, arrêt",,,,,
lull,"apaiser, calmer, endormir un enfant",,,,,
lumber room,cabinet de débarras,,,,,
lump,"bosse, masse, bloc, grosseur, lourdaud, empoté, morceau énorme",,,,,
lump,"défoncer, faire réunir, se rassembler, mettre dans la même catégorie",,,,,
lumpy,"grumeleux, bossele, defonce, empote, en morceaux de pierres",,,,,
lurch,"embardée, vacillement",,,,,
lurch,"tituber, vaciller, faire une embardée",,,,,
lurch,"embardée, vacillement",,,,,
lurch,"tituber, vaciller, faire une embardée",,,,,
lush,"luxuriant, luxueux, fertile, fraîche, succulent, fourni",,,,,
lush,"poivrot, sac à vin",,,,,
lust,"luxure, convoitise, désir, concupiscence, envie, désir sexuel",,,,,
lust,désirer,,,,,
luster,"lustre, éclat, brillant, gloire",,,,,
luster,lustrer,,,,,
lustily,"in a strong, healthy, vigorous way; heartily",,,,,
lustily,"vigoureusement, avec cœur",,,,,
make cracks about,to make jokes or smart remarks about,,,,,
make up a parcel,faire un colis,,,,,
manner,"manière, façon, mode, sorte, genre, attitude, comportement, abord",,,,,
manservant,"valet, servant",,,,,
mantelpiece,manteau de cheminée,,,,,
mar,"gâcher, gâter, vicier",,,,,
marble,"marbre, bille",,,,,
marble,marbrer,,,,,
marble,marbré,,,,,
marred,entaché,,,,,
marsh,"marais, marécage",,,,,
marvel,"merveille, prodige, miracle",,,,,
marvel,be filled with wonder or astonishement,,,,,
marvel,"merveille, prodige, miracle",,,,,
marvel at,"s'émerveiller, s'étonner",,,,,
matchwood,bois d'allumettes,,,,,
meadow,"pré, prairie",,,,,
meddle,"se mêler, toucher, intervenir, tripoter, fouiner",,,,,
meddlesome,"indiscret, fouineur, qui touche à tout, qui fourre son nez partout",,,,,
meek,"doux, humble",,,,,
mellow,"moelleux, velouté,mélodieux, harmonieux, riche, bien mûr, pompette",,,,,
mellow,"mûrir, rendre moelleux, se velouter, s'adoucir",,,,,
melting,"fudion, fonte, dissipation",,,,,
melting,"fondant, attendrissant",,,,,
mere,"simple, pur, seul",,,,,
mere,"étang, petit lac, distance",,,,,
merest,moindre,,,,,
meretricious,"factice, clinquant, ampoulé",,,,,
merriment,"gaieté, joie, réjouissance",,,,,
midge,moucheron,,,,,
mirth,"gaieté, hilarité",,,,,
mischievous,"malicieux, malin, méchant, nuisible, taquin",,,,,
mist,"brouillard, brume, buée",,,,,
mist,"embuer, se couvrir de brume, devenir brumeux",,,,,
mitt,"gant, mitaine, moufle, patoche",,,,,
mock,"moquer, se moquer de, railler, parodier, imiter, tourner en ridicule, duper, défier avec méprise",,,,,
mock,faux,,,,,
moisture,"humidité, buée",,,,,
mold,"moule, moisissure, forme, modèle, gabarit, terreau, humus",,,,,
mold,"mouler, modeler, façonner, former, moisir, fondre, formuler",,,,,
mollify,"amadouer, apaiser, calmer, adoucir, mollir, résider",,,,,
moonshiner,illicit distiller or smuggler of liquor,,,,,
moorish,mauresque,,,,,
moron,"cretin, imbecile, idiot, sot",,,,,
moss,mousse,,,,,
moss,mousser,,,,,
mossy,moussu,,,,,
motor coach,autocar,,,,,
mouthpiece,"embouchure, porte-parole, bec, microphone",,,,,
move about,"s'agiter, remuer, voyager",,,,,
move down someone,rouler dessus,,,,,
muddle,"confusion, desordre, cafouillage, embrouillage",,,,,
muddle,"brouiller, melanger, confondre, couvrir de boue, rendre boueux, embarbouiller, echouer",,,,,
muffled,"étouffé, enveloppé",,,,,
muffler,"silencieux, cache-nez, cache-col",,,,,
mug,visage,,,,,
mug,agresser,,,,,
murky,"sombre, noir, obscure, boueux, nuageux",,,,,
muse over,méditer sur,,,,,
mutter,"murmurer, marmonner, marmotter, grommeler, bredouiller",,,,,
mutter,"marmonnement, bredouillement, marmottement",,,,,
nape,nuque,,,,,
natty,"chic, astucieux, bien trouvé",,,,,
nibble,"grignoter, mordiller, ronger, brouter, mâchonner, critiquer",,,,,
nigh,"près, proche, à proximité",,,,,
nigh,"proche, voisin",,,,,
nigh,"près de, auprès de",,,,,
nimble,"agile, leste, habile, adroit, preste, délié",,,,,
nimbly,prestement,,,,,
nob,"aristo, richard, caboche, fiole",,,,,
noose,"noeud coulant, corde, collet, lasso",,,,,
nose about,"fouiner, fureter",,,,,
nostril,"narine, naseau",,,,,
nosy,"fouineur, curieux, indiscret",,,,,
nudge,"coup de coude, poussée",,,,,
nudge,"pousser du coude, donner un petit coup de coude, attirer l'attention",,,,,
oaf,"lourdaud, balourd, mufle, malotru",,,,,
oar,"aviron, rame",,,,,
oar,ramer,,,,,
oblivious,"inconscient, oublieux",,,,,
obtrusive,"importun, indiscret, affiché, pénétrant",,,,,
obtuseness,stupidité,,,,,
odds and ends,"miscellaneous items, remnants, or pieces",,,,,
odds and ends,"bouts, restes, des petites choses qui restent, bric-à-brac",,,,,
off-kilter,décalé,,,,,
oleander,laurier-rose,,,,,
onslaught,"assaut, attaque, charge",,,,,
outbreak,"declenchement, eruption",,,,,
outburst,"explosion, accès, éruption, bouffée, emportement passager",,,,,
outcrop,"affleurement, explosion",,,,,
outcrop,affleurer,,,,,
outlet,"sortie, issue, prise, prise de courant, débouché, exutoire, embouchure, déversoir, accès",,,,,
outline,"contour, silhouette, plan, schéma, esquisse, tracé, idée, profil, configuration, sténogramme",,,,,
outline,"esquisser, résumer, exposer les grandes lignes, passer brièvement en revue, silhouetter",,,,,
outright,"carrément, franchement, complètement, entièrement, net, sur le coup",,,,,
outright,"absolu, pur, total, complet, en bloc, franc",,,,,
outsmart,etre plus malin que,,,,,
outspoken,"franc, carré, qui ne mâche pas ses mots, qui a son franc-parler",,,,,
outstay,"rester plus longtemps que, tenir plus longtemps que",,,,,
outstrip,"dépasser, surpasser, devancer",,,,,
overbearing,"autoritaire, arrogant, impérieux",,,,,
overgrow,"trop grandir, couvrir le terrain, se couvrir, proliférer",,,,,
overhanging,en surplomb,,,,,
overhead,aérien,,,,,
overhead,"au plafond, en haut, dans le ciel, au-dessus",,,,,
overhead,frais généreux,,,,,
overlay,"recouvrir, couvrir",,,,,
overlay,"revêtement, couverture",,,,,
overripe,"trop mûr, blet, trop fait",,,,,
overtake,"dépasser, surmonter, rattraper, rejoindre, devancer, surprendre, frapper",,,,,
pail,seau,,,,,
paintless,not capable of being painted or described,,,,,
palm,"paume, palmier, rameau",,,,,
palm,"subtiliser, serrer la main, escamoter, soustraire, cacher au creux de la main",,,,,
pander,entremetteur,,,,,
pane,"vitre, carreau, plaque",,,,,
pang,"serrement, pincement de cœur",,,,,
pant,"palpiter, haleter",,,,,
panting,"halètement, essoufflement, palpitation",,,,,
pantry,"garde-manger, office",,,,,
pap,"bouillie, mamelon, niaiseries, bêtise",,,,,
parapet,"low protective wall along the edge of a roof, bridge, or balcony",,,,,
parch,"dessecher, griller, bruler, mourir de soif, alterer",,,,,
pare,"rogner, éplucher, peler, réduire, couper",,,,,
partake,prendre part à,,,,,
parted,séparé,,,,,
pasquinade,"a satire or lampoon, originally one displayed or delivered publicly in a public place",,,,,
patchy,"inégal, irrégulier, incomplet, instable",,,,,
patter,"crépiter, trottiner, frapper, battre",,,,,
patter,"crépitement, bruit, baratin, bavardage, jargon",,,,,
pawn,"pion, gage",,,,,
pawn,"mettre en gage, laisser en gage, mettre au clou",,,,,
payload,"charge utile, emport, puissance",,,,,
peak,"pic, sommet, cime, faite, apogee, visiere, arete",,,,,
peak,"atteindre le sommet, atteindre le record",,,,,
pebble,"caillou, galet",,,,,
peck,"picorer, becqueter, picoter, percer, donner un coup de bec",,,,,
peck,"picotin, coup de bec, bise",,,,,
peculiar,"particulier, special, etrange, bizarre, curieux",,,,,
peer,"dévisager, regarder attentivement, apparaître",,,,,
peer,paire,,,,,
penned,"parqué, produit, réalisé",,,,,
penning,"authorship, writing, composition",,,,,
perambulator,"landau, voiture d'enfant",,,,,
perchance,"par hasard, d'aventure, peut-être",,,,,
peremptory,"péremptoire, décisif, impératif",,,,,
permeate,"pénétrer, se répandre, filtrer à travers",,,,,
phony,"faux, poseur, simule",,,,,
phony,"charlatan, poseur",,,,,
pick off,"enlever, cuillir, abattre, gratter",,,,,
pigtails,nattes,,,,,
pimp,"souteneur, maquerequ, marlou",,,,,
pimp,"être souteneur, faire le maquereau",,,,,
pinafore,tablier,,,,,
pine clad,vêtu de pins,,,,,
pit,"fosse, stand, trou, creux, noyau, mine, cratère, dépression, arène, puits de mine, trappe, marque, petit trou, cicatrice",,,,,
pit,"opposer, dénoyauter, trouer, creuser, marquer, piqueter, grêler",,,,,
pitiful,"pitoyable, lamentable, deplorable, maigre, mesquin",,,,,
plagiarism,the practice of taking someone else's work or ideas and passing them off as one's own,,,,,
plain-spokenness,"frank, straightforward, blunt",,,,,
plaintively,"plaintivement, d'un ton plaintif",,,,,
plait,"tresse, natte",,,,,
plait,"tresser, natter",,,,,
plaster,"plâtre, pansement, sparadrap",,,,,
plaster,"plâtrer, couvrir, tabasser, mettre un pansement",,,,,
plough,charrue,,,,,
plough,"labourer, creuser, faire arracher, tracer, investir, recaler",,,,,
pluck,"cueillir, plumer, pincer, épiler, démolir",,,,,
pluck,"courage, cran, fressure",,,,,
plump,"dodu, potelé, grassouillet, charnu, rebondi, plein, empâté, direct, franc, clair",,,,,
plush,peluche,,,,,
plush,de peluche,,,,,
polish up,"compléter, terminer, finir, conclure, parfaire, mettre fin",,,,,
polymath,esprit universel,,,,,
ponder,"réfléchir, considérer, peser, ruminer, méditer",,,,,
ponderously,pesamment,,,,,
pooh-pooh,"ricaner de, rire de, dédaigner, faire fi de qqch",,,,,
popeyed,"ébahi, les yeux écarquillés",,,,,
poplar,peuplier,,,,,
pore over,"étudier de près, méditer longuement, être absorbé dans",,,,,
potter,potier,,,,,
potter,"vadrouiller, travailler sans se presser, brouter",,,,,
pounding,"martelement, pilage, pilonnage, battement, ecrasement",,,,,
pram,"landau, voiture d'enfant",,,,,
prance,"caracoler, se pavaner, sautiller, cabrioler",,,,,
prance,"gambade, bond",,,,,
prattle,"babiller, bavarder, causer, papoter, jaser, jacasser, gazouiller",,,,,
prattle,"bavardage, babil, papotage, jacassement, jacasserie",,,,,
priggish,pharisaïque / self-righteously moralistic and superior,,,,,
privy,"privé, secret, caché",,,,,
privy,"cabinets, w.-c.",,,,,
privy,sharing in the knowledge of something secret,,,,,
privy,"a person having a part or interest in any action, matter, or thing",,,,,
procuress,entremetteuse,,,,,
prod,"poussée, petit coup",,,,,
prod,"pousser qn doucement du doigt, donner un coup par la canne",,,,,
prop,"soutenir, maintenir, étayer, caler, mettre une rame à",,,,,
prop,"pilier, étai, tuteur, soutien, support, rame, perche",,,,,
propound,"proposer, exposer",,,,,
prune,"élaguer, tailler, émonder",,,,,
prune,"pruneau, repoussoir",,,,,
pucker,faux pli,,,,,
pucker,"goder, se plisser, cloquer, grimacer",,,,,
pucker up,froncer,,,,,
puckered,plissé,,,,,
puddle,flaque,,,,,
puddle,"patauger, malaxer",,,,,
puddle,flaque,,,,,
puddle,"patauger, malaxer",,,,,
punctilious,pointilleux,,,,,
puncture,"pnction, crevaison, piquûre",,,,,
puncture,"percer, crever, piquer, ouvrir",,,,,
purpling,violacé,,,,,
purse,"pucker or contract (lips), typically to express disapproval or irritation",,,,,
put off,"retarder, repousser, ajourner, dissuader, démonter, pousser au large, fermer, démarrer",,,,,
puzzle,"puzzle, devinette, casse-tête, énigme, mystère, rébus, mots croisés, perplexité",,,,,
puzzle,"laisser perplexe, mystifier, rendre perplexe",,,,,
puzzle over,"essayer de comprendre, essayer de resoudre, laisser perplexe",,,,,
pyre,"bucher, bucher funeraire",,,,,
quack,"charlatan, toubib",,,,,
quack,"cancaner, faire du charlatanisme",,,,,
quaint,"pittoresque, original, étrange, bizarre, vieillot",,,,,
qualm,"scrupule, appréhension, nausée, malaise, inquiétude, doute",,,,,
quavering,chevrotant,,,,,
quavering,chevrotement,,,,,
queer,"étrange, drôle",,,,,
quench,"eteindre, assouvir, apaiser, tremper, etouffer, refroidir, battre, vaincre",,,,,
quicksands,sables mouvants,,,,,
quiver,"frémir, frissonner, trembler, palpiter, trembloter",,,,,
quiver,"tremblement, palpitation",,,,,
rack,"tourmenter, torturer",,,,,
rack,"grille, étagère, râtelier, casier, chevalet, claie, supplice, ruine, bac à légumes, porte-bagages",,,,,
racket,"raquette, racket, vacarme, tapage, boucan, raffut, escroquerie",,,,,
racket,"faire du raffut, faire du boucan",,,,,
racy,"osé, piquant, risqué, plein de verve, qui a du caractère",,,,,
raft,"radeau, radier, train de flottage",,,,,
raft,voyager en radeau,,,,,
rag,"chiffon, torchon, lambeau, loque, guenille, feuille de chou, haillons, blague, farce, rideau, carpette, brin",,,,,
rag,"taquiner, faire une blague,",,,,,
rag doll,poupée de chiffon,,,,,
ragged,"en lambeaux, en haillons, déguenillé, en loques, irrégulier, inégal, usé, décousu, accidenté",,,,,
railing,"balustrade, rampe, barreau, garde-fou",,,,,
rakish,"élancé, débauché, libertin, dissolu, chic",,,,,
ramble,"randonnée, promenade, balade, radotage, excursion",,,,,
ramble,"divaguer, radoter, se promener, grimper, partir en randonnée, parler pour rien dire, laïusser, serpenter",,,,,
rap,"rap, tape, inculpation, condamnation, petit coup, causette, conversation, cognement, réprimande",,,,,
rap,"taper, cogner, frapper sur, donner un coup sec, blâmer, réprouver, bavarder",,,,,
rapscallion,"vaurien, mauvais garnement",,,,,
rapt,"absorbé, extasié, enthousiaste, délirant",,,,,
rapture,"ravissement, enchantement, enthousiasme",,,,,
rascally,"coquin, méchant",,,,,
rash,"éruption, rougeur",,,,,
rash,"téméraire, imprudent, irréfléchi, impétueux, inconsidéré",,,,,
rasp,râpe,,,,,
rasp,"râper, grincer, crisser, dire d'une voix rauque, crier d'une voix grinçante",,,,,
rasping,"grinçant, crissant, rugueux",,,,,
rasping,"crissement, grincement",,,,,
rattle,"hochet, cliquetis, crécelle, vibration, bruit de ferraille",,,,,
rattle,"cliqueter, ébranler, agiter, déstabiliser, crépiter",,,,,
ravisher,ravisseur,,,,,
readily,"facilement, aisément, rapidement, volontiers, sans hésitation, tout de suite, de bon cœur",,,,,
recede,"reculer, se retirer, baisser, descendre, disparaître, s'évanouir, refluer, revenir sur, recéder, s'éloigner",,,,,
reck,"être souciant, faire attention",,,,,
reckon,"compter, calculer, estimer, penser, croire, supposer, imaginer, considérer, juger, régler son compte",,,,,
reckoning,"calcul, compte, estime, règlement de compte, addition",,,,,
recline,"incliner, reposer, appuyer, être incliné, être étendu, baisser, être allongé, être coudé",,,,,
reed,"roseau, anche, chalumeau, pipeau",,,,,
reed,"roseau, anche, chalumeau, pipeau",,,,,
reek,"puer, empester, fumer, sentir mauvais",,,,,
reek,"puanteur, relent, fumée, vapeur, nuage",,,,,
regal,"royal, majestueux",,,,,
relinquish,"renoncer, abandonner, quitter, lâcher",,,,,
revery,rêverie,,,,,
revolving,"tournant, rotatif",,,,,
rickey,"drink consisting of liquor, typically gin, mixed with lime juice, carbonated water, and ice",,,,,
riddle,"énigme, mystère, devinette, crible, claie",,,,,
riddle,"cribler, deviner, mystifier",,,,,
ridge,"crête, faîte, arête, chaîne, corniche, récif",,,,,
ridge,"billonner, strier",,,,,
ridge,"crête, faîte, arête, chaîne, corniche, récif / a long narrow hilltop, mountain range, or watershed",,,,,
ridge,"billonner, strier",,,,,
rile,"agacer, inciter, enerver, mettre en boule, troubler",,,,,
rim,"jante, bord, rebord, monture",,,,,
rim,"border, entourer, janter, ferrer",,,,,
riotous,"séditieux, tapageur, déchaîné, débauché, soûlard, manifestant, abondant",,,,,
rip off,"arnaquer, arracher, dechirer, voler, devaliser, filouter",,,,,
riper,"mûr, prêt, à point, fait, charnu, convenable",,,,,
ripple,"onduler, clapoter, frissonner, se rider, se murmurer",,,,,
ripple,"ondulation, ride, murmure, clapotis, ravine",,,,,
rivulet,"ruisseau, ravine",,,,,
roadster,bicyclette,,,,,
rodent,rongeur,,,,,
romp,"comédie, farce, jeux bruyants",,,,,
romp,"jouer bruyamment, se délecter, s'ébattre bruyamment, s'amuser bruyamment",,,,,
romp,"comédie, farce, jeux bruyants",,,,,
romp about,s'ébattre,,,,,
round off,"compléter, terminer, finir, conclure, parfaire, mettre fin",,,,,
rouse,"réveiller, éveiller, susciter, soulever, exciter, stimuler, provoquer, pousser, activer, électriser",,,,,
rove,"vagabonder, errer, rôder, parcourir, errer dans, aller par hasard",,,,,
rove,vagabondage,,,,,
row,"rangée, rang, file, dispute, querelle, bagarre, tapage, vacarme, rayon, engueulade, raffut",,,,,
row,"ramer, canoter, se disputer, mettre en rang, se bagarrer, faire aller à la rame, faire du canotage",,,,,
rowboat,"chaloupe, petit bateau à rames",,,,,
rowdy,"chahuteur, bagarreur, hooligan",,,,,
rowdy,"chahuteur, voyou",,,,,
rowing,"aviron, canotage",,,,,
rub along,se débrouiller,,,,,
rubber,"caoutchouc, gomme, préservatif, robre",,,,,
ruddy-cheeked,aux joues vermeilles,,,,,
rug,"couverture, carpette, petit tapis, plais",,,,,
run amok,"se débrider, être pris de folie furieuse",,,,,
rustle,"bruissement, frou-frou",,,,,
rustle,"froufrouter, voler, faire bruire, produire un froissement",,,,,
rustling,"bruissement, froissement, vol de bétail, frou-frou",,,,,
rustling,"susurrous, murmurous",,,,,
saddle,"selle, col, râble",,,,,
saddle,"seller, accabler",,,,,
sake,"bénéfice, intention",,,,,
sally,"sortie, saillie, boutade, attaque",,,,,
sally,sortir,,,,,
sally forth,sortir gaiement,,,,,
sap,"sêve, sape, andouille, cruche, nigaud, bêta",,,,,
sap,"saper, miner, défoncer",,,,,
sate,"assouvir, rassasier, blaser",,,,,
saunter,"flâner, se balader",,,,,
saunter,balade,,,,,
saunter about,déambuler,,,,,
saunter in,déambuler dans,,,,,
sawdust,sciure,,,,,
scaffold,échafaud,,,,,
scaffold,monter à l'échafaudage,,,,,
scallop,"pétoncle, homard, coquille Saint-Jacques",,,,,
scalloped,festonné,,,,,
scamp,"coquin, polisson, garnement, galopin, filou, bâcleur",,,,,
scamp,bâcler,,,,,
scamper,"trottiner, gambader",,,,,
scamper,"galopade, trottinement",,,,,
scanty,"maigre, insuffisant, clairsemé, modeste, léger",,,,,
scapegoat,bouc émissaire,,,,,
scarcely,"à peine, presque pas, presque rien",,,,,
scoff,"moquerie, sarcasme, dérision",,,,,
scoff,"se moquer de, tourner en ridicule, persifler",,,,,
scold,"gronder, réprimander, passer un savon à qn",,,,,
scold,mégère,,,,,
scolding,"réprimande, gronderie",,,,,
scoop,"pelle, boule, écope, cuiller, reportage exclusif",,,,,
scoop,"écoper, creuser, vider, épépiner, publier en exclusivité",,,,,
scoop up,ramasser à la pelle,,,,,
scorch,"brûler, piquer, roussir, dessécher, filer à toute allure, pédaler comme un fou, rouler à toute vitesse, conduire à un train d'enfer",,,,,
scorch,"brûlure, roussissement, brûlure légère, marque de roussissement",,,,,
score,a group or set of twenty or about twenty,,,,,
scorn,"mepris, dedain, moquerie, risee",,,,,
scorn,"mepriser, dedaigner, negliger, rejeter",,,,,
scoundrel,"scélérat, coquin, fripouille, vaurien, crapule, chenapan",,,,,
scraggly,thin and bony,,,,,
scramble,"brouiller, grimper, mélanger, se bousculer, se ruer",,,,,
scramble,"ruée, curée, grimpée, gymkhana",,,,,
scramble up,escalader,,,,,
scrap,"ferraille, bout, reste, bagarre, bribe, fragment",,,,,
scrap,"abandonner, mettre au rebut, envoyer à la casse, se débarrasser de, se bagarrer",,,,,
scrape,"gratter, frotter, racler, érafler, creuser",,,,,
scrape,"éraflure, grattement",,,,,
scrappy,"décousu, bagarreur, incomplet",,,,,
scrawny,"maigre, décharné, efflanqué",,,,,
screwball,"cingle, dingue",,,,,
scribble,"griffonner, gribouiller, noter rapidement",,,,,
scribble,"griffonnage, gribouillage",,,,,
scrunch,"croquer, écraser, faire broyer",,,,,
seasoned,"chevronné, séché, épicé",,,,,
sedately,posément,,,,,
seedy,"minable, miteux, râpé, mal fichu, patraque, plein de pépins, de mauvaise réputation",,,,,
selfsame,exactement le même,,,,,
senselessness,absurdité,,,,,
set off,"déclencher, se mettre en route, faire exploser, balancer, réparer, renforcer, s'ébranler",,,,,
settee,canapé,,,,,
sewing machine,machine à coudre,,,,,
séyéy,sournoisement,,,,,
shabby,"minable, miteux, mesquin, use, mauvais, rape, elime, reluisant, salaud",,,,,
shack,"cabane, hutte, case, masure",,,,,
shack,"vivre, habiter, crecher",,,,,
shack up,"live together, cohabit",,,,,
to live together and have sexual relations without being married,,,,,,
,,,,,,
shallow,"peu profond, superficiel, frivole, futile",,,,,
shallows,bas-fonds,,,,,
sham,"faux, simulé, chiqué, feint, en toc",,,,,
sham,"comédie, imposteur, imitation",,,,,
sham,"feindre, simluer, faire semblant, jouer la comédie, falsifier",,,,,
sharp as a tack,Malin comme un singe,,,,,
sharp-elbowed,"means that people are pushy, or they'll ""elbow"" you out of the way if you slow them down",,,,,
shawl,couvrir d'un châle,,,,,
shawl,châle,,,,,
shear,cisaille,,,,,
shear,"tondre, dépouiller de",,,,,
sheen,"éclat, lustre, luisance",,,,,
sheen,brillant,,,,,
sheepish,"penaud, honteux, dingue, lâche",,,,,
sheer,"pur, absolu, à pic, abrupt",,,,,
sheer,"abruptement, tout à fait",,,,,
sheer,faire une embardée,,,,,
sheer,embardée,,,,,
shellac,"gomme laque, laque",,,,,
shellac,laquer,,,,,
shellschock,commotion cérébrale,,,,,
shiftless,"paresseux, fainéant, flemmard, qui manque de ressources",,,,,
shimmer,"miroiter, scintiller, chatoyer",,,,,
shimmer,chatoiement,,,,,
shipwreck,"naufrage, epave de navire",,,,,
shirtwaist,chemisier,,,,,
shoot off,se tirer (hors de),,,,,
shoot the bull,chat and gossip,,,,,
short-winded,au souffle court,,,,,
shove,"pousser, presser, fourrer, enfoncer, bousculer, repousser, obliger",,,,,
shove,poussée,,,,,
showdown,"épreuve de force, confrontation, étalement du jeu",,,,,
shrewd,"astucieux, habile, perspicace, cruel, preste",,,,,
shriek,"cri perçant, cri aigu",,,,,
shriek,"crier, hurler, pousser un hurlement",,,,,
shrill,"aigu, perçant, strident, criard",,,,,
shrill,"cri aigu, cri perçant",,,,,
shrill,"hurler, retentir, crier d'une voix perçante",,,,,
shrivel,"se ratatiner, se fletrir, se dessecher, se racornir, se rider, rabougrir",,,,,
shroud,"linceul, suaire, suspentes, coiffe, voile, hauban",,,,,
shroud,"envelopper, ensevelir, voiler",,,,,
shrub,"arbuste, arbrisseau",,,,,
shrubbery,massif d'arbustes,,,,,
shudder,"fremir, frissonner, trembler, trepider",,,,,
shudder,"frisson, vibration, fremissement, trepidation",,,,,
shuffle,"brouiller, remanier, modifier, mêler, traîner des pieds, battre les cartes",,,,,
shuffle,battage,,,,,
shuffle off,"se dérober de, rejeter sur, marcher en traînant les pieds",,,,,
shun,"éviter, fuir, esquiver",,,,,
sibilant,sifflant,,,,,
sickening,"écoeurant, répugnant, nauséeux, dégoûtant, exaspérant",,,,,
sickly,"maladif, malade, malsain, écoeurant, chétif, souffrant, pâle, mièvre",,,,,
sideboard,buffet,,,,,
sigh,soupirer,,,,,
signboard,"enseigne, panneau, panneau publicitaire",,,,,
sill,"rebord, seuil, appui, bas de marche",,,,,
simmer,"mijoter, frémir, mitonner, bouillir doucement, faire cuire à feu doux, s'apaiser",,,,,
simmering,frémissement,,,,,
simper,minauder,,,,,
sizzle,"grésiller, brûler, étouffer",,,,,
sizzle,grésillement,,,,,
sketch,"esquisser, dessiner, ébaucher, griffonner, faire des esquisses",,,,,
sketch,"esquisse, schéma, croquis, aperçu, sketch, maquette, saynète, topo",,,,,
skid,"déraper, glisser",,,,,
skid,"dérapage, cale, traîneau",,,,,
skim,"parcourir, écrémer, écumer, feuilleter, frôler, dégraisser, frauder, faire ricocher",,,,,
slacken,"ralentir, se relâcher, lâcher, affaiblir",,,,,
slant,"incliner, faire pencher, présenter avec parti",,,,,
slant,"biais, angle, inclination, coup d'ensemble",,,,,
slanting,"oblique, penché, couché",,,,,
slapdash,"insouciant, fait à la va-vite",,,,,
slapdash,sans soins,,,,,
slapdash,"précipitation, impétuosité",,,,,
slattern,souillon,,,,,
slattern,faspiller,,,,,
sleek,"lisse, brillant, luisant, onctueux, doucereux, bichonné, au poil soyeux, trop soigné, épinglé",,,,,
sleek,"lisser, affiner",,,,,
sleet,neige fondue,,,,,
slender,"mince, svelte, élancé, fin, ténu, maigre, faible, effilé, menu, fuselé, gracieux, limité",,,,,
slide about,coulisser sur,,,,,
slight,"mince, maigre, frêle, insignifiant, superficiel, exigu, servile, miteux",,,,,
slight,"offenser, blesser, mépriser, négliger, ignorer",,,,,
sling,"élingue, fronde, écharpe, bretelle, baudrier, cordages, porte-bébé",,,,,
sling,"élinguer, lancer, suspendre, jeter, hisser",,,,,
slipper,"pantoufle, mule",,,,,
slipper,pantoufle,,,,,
slit,"fente, incision, déchirure",,,,,
slit,"fendu, bridé",,,,,
slit,"fendre, inciser, déchirer, découper en filets, rétrécir",,,,,
slither,"se glisser, glisser, onduler, faire glisser",,,,,
slob,"plouc, souillon, rustaud,flemmard",,,,,
slum,"taudis, quartiers pauvres, gourbi",,,,,
slum,s'encanailler,,,,,
slumber,"sommeil, somme, sommeil profond",,,,,
slumber,"sommeiller, dormir",,,,,
slump,"marasme, effondrement, récession, forte baisse, crise économique, baisse soudaine, chute de prix",,,,,
slump,"baisser, effondrer, retomber en arrière, s'effondrer",,,,,
sly,"sournois, rusé, malin, sage, réticent",,,,,
smack,"claque, gifle, goût, claquement, bruit sec, gros baiser, sémaque, petit goût",,,,,
smack,"en plein, tout droit",,,,,
smack,"gifler, sentir, donner une claque, goûter, donner une tape, prendre un gros baiser",,,,,
smelt,"fondre, extraire par fusion",,,,,
smelt,éperlan,,,,,
smirk,"petit sourire narquois, affecté, satisfait",,,,,
smirk,sourire d'un air satisfait,,,,,
smooth out,"lisser, faire disparaître",,,,,
smother,"étouffer, éteindre, couvrir, réprimer, contenir, mourir étouffé",,,,,
smother,fumée dense,,,,,
smoulder,"couver, couvrir, étouffer",,,,,
smoulder,fumée dense,,,,,
smug,"suffisant, content de soi, chic, fier de soi",,,,,
snarl,"gronder, bloquer, s'enchevêtrer",,,,,
snarl,"enchevêtrement, grondement féroce",,,,,
sneer,"ricaner, tourner en ridicule, sourire d'un air méprisant",,,,,
sneer,"ricanement, remarque moqueuse",,,,,
sniffling,reniflement,,,,,
snort,grognement,,,,,
snotty,"morveux, qui coule",,,,,
snuggle up,se coller,,,,,
soar,"monter en flèche, grimper, survoler, remonter en flèche, faire un bond, transcender",,,,,
soar,"essor, survol",,,,,
sock,"chaussette, semelle, coup, beigne, paturon",,,,,
sock,"flanquer, flanquer un coup",,,,,
soggy,"détrempé, pâteux, mou, lourd, imbibé, collant, mal cuit",,,,,
sole,"unique, seul, célibataire",,,,,
sole,"semelle, sole, plante, foot",,,,,
solemn,"solennel, grave, sérieux, sacré",,,,,
solemn,cérémonie,,,,,
somber,"sombre, morne, maussade",,,,,
somersault,"saut périlleux, culbute, galipette, tonneau",,,,,
sommersault,faire des culbutes,,,,,
soothe,"apaiser, calmer, atténuer, tranquilliser, flatter, amadouer, délasser",,,,,
soothing,"apaisant, relaxant, reposant, réconfortant, rassurant, lénitif, tranquillisant, délassant",,,,,
sophomore,étudiant de seconde année,,,,,
sore,"douloureux, endolori, sensible, irrite, enflamme",,,,,
sore,"plaie, inflammation",,,,,
sought,"recherché, sollicité",,,,,
spade,"bêche, pelle, pique",,,,,
spade,pelleter,,,,,
sparrow,"moineau, passereaux, pierrot",,,,,
speckled,tacheté,,,,,
spinster,"femme célibataire, vieille fille",,,,,
spinsterish,qui tient de la vieille fille,,,,,
spirit away / off,faire disparaître,,,,,
spite,"dépit, rancune, hargne",,,,,
spite,"contrarier, vexer",,,,,
sprain,entorse,,,,,
sprain,"se faire une entorse, se fouler la cheville, luxer",,,,,
sprawl,"faire tomber, s'étaler, s'étendre, s'affaler",,,,,
spread-eagled,à bras et jambes écartés,,,,,
sprinkling,"saupoudrage, petite pluie, arrosage léger, légère couche",,,,,
sputter,"crépitement, toussotement",,,,,
sputter,"crachoter, bredouiller, bafouiller, toussoter, postillonner",,,,,
squander,"gaspiller, dissiper, dilapider, perdre, disperser, se dissiper, se disperser",,,,,
squat,"squatter, se tapir, être accroupi, s'accroupir, s'asseoir sur ses talons",,,,,
squat,"accroupi, ramassé, courtaud, tapi",,,,,
squat,accroupissement,,,,,
squeak,succeed in achieving something by a very narrow margin,,,,,
squeamish,"délicat, prudent, qui a la nausée, facilement degoûté, qui a mal au coeur",,,,,
squelch,"étouffer, réprimer, écraser, patauger",,,,,
squelch,"bruit de succion, bruit de pataugeage, réplique",,,,,
squint,"loucher, plisser les yeux",,,,,
squint,"strabique, bigleux, qui louche",,,,,
squint,strabisme,,,,,
stable,écurie,,,,,
stagger,"échelonner, chanceler, étaler, tituber, espacer, trébucher, stupéfier, atterrer, suffoquer, souffler",,,,,
stagger,"allure chancelante, titubante",,,,,
stale,"vicié, rassis, éventé, dur, usé, dépassé, fétide, éculé, rebattu, desséché, épuisé",,,,,
stalk,"pédoncule, tige, queue, rafle, trognon, tuyau",,,,,
stalk,"traquer, rôder, régner, marcher d'un air arrogant",,,,,
stall,"stalle, stand, étal, cabine, kiosque, boutique, emplacement, éventaire, doigtier, manœuvre",,,,,
stall,"caler, se décrocher, esquiver",,,,,
stammer,"balbutier, begayer, etre begue",,,,,
stammer,"begaiement, balbutiement",,,,,
stamp,"timbre, cachet, estampille, marque, poinçon, empreinte",,,,,
stamp,"estampiller, tamponner, estamper, timbrer, viser, taper",,,,,
stark,"rigide, austère, absolu, pur, raide, désolé, complet",,,,,
startling,"surprenant, saisissant, alarmant, effrayant",,,,,
startlingly,étonnamment,,,,,
staunch,"étancher, endiguer, arrêter, contenir",,,,,
staunch,"dévoué, loyal, inébranlable, constant",,,,,
steadfast,"ferme, inébranlable, constant, fidèle, résolu",,,,,
steadfastly,immuablement,,,,,
stealthily,"furtivement, à la dérobée",,,,,
steep,"tremper, macérer, mariner",,,,,
steep,"raide, escarpé, abrupt, élevé, à pic, incliné, excessif, très haut",,,,,
steeple,"clocher, flèche",,,,,
sternly,sévèrement,,,,,
stiff,"rigide, raide, dur, fort, solide, gunide, tenace, ankylose, empese, opiniatre, ardu, penible, gourd, constant",,,,,
stiff,"macchabee, snob",,,,,
stiff,avec rigidite,,,,,
stifle,"etouffer, reprimer, entraver",,,,,
stir,"remuer, inciter, attiser, bouger, émouvoir, fomenter, vibrer",,,,,
stir,"agitation, émoi, sensation, mouvement, frisson",,,,,
stir up,"susciter, soulever",,,,,
stirring,"émouvant, vibrant, entraînant, exaltant, vif, incitateur",,,,,
stolid,"flegmatique, impassible",,,,,
stoop,"se baisser, se pencher, se courber, voûter",,,,,
stoop,assaut,,,,,
store up,stocker jusqu'à,,,,,
stout,"bière de malt, bière brune forte",,,,,
stout,"gros, corpulent, épais, solide, robuste, fort, puissant, vigoureux, vaillant, brave, intrépide, énergique, entêté",,,,,
straggle,"pousser tout en longueur, retomber en désordre, être épars, s'étendre en longueur",,,,,
straggle,an untidy or irregularly arranged mass or group of something,,,,,
strain,force (a part of one's body or oneself) to make a strenuous or unusually great effort,,,,,
strained,"tendu, contraint, forcé, froissé, affecté",,,,,
strap,"sangle, bracelet, courroie, laniere",,,,,
strap,"attacher, sangler, fouetter, aiguiser",,,,,
straw-haired,messy blond,,,,,
stride,"foulée, grand pas",,,,,
stride,"arpenter, marcher à grands pas, s'allonger",,,,,
striking,"frappant, en grève, saisissant",,,,,
striking,"frappe, ferrage",,,,,
string someone along,"work to keep someone interested in you, even though you might not have good intentions. Maybe you just want money, power, or attention; the person you're stringing along might want a lot more from you.",,,,,
stroll,"promenade, tour",,,,,
stroll,"flâner, se promener, balader, faire un tour, baguenauder, aller sans se presser",,,,,
stroll about,flâner,,,,,
studly,attractively masculine,,,,,
sturdy,"solide, robuste, vigoureux, énergique",,,,,
sturdy,homme robuste,,,,,
stye,"orgelet, porcherie",,,,,
subdued,"tamisé, atténué, contenu",,,,,
sulk,bouder,,,,,
sulk,"bouderie, maussaderie",,,,,
sulkily,boudant,,,,,
sulky,"boudeur, maussade",,,,,
sullen,"morne, renfrogné, triste, menaçant, bougon, rétif, furax, entêté, rancunier",,,,,
sultry,"étouffant, lourd, sensuel, chaud, suffocant",,,,,
sultry,touffeur,,,,,
summon,"comvoquer, appeler",,,,,
sun-drenched,baigné de soleil,,,,,
supercilious,"dédaigneux, hautain, sourcilleux",,,,,
supine,"couché, étendu sur le dos, indolent, mou",,,,,
supine,passif,,,,,
supple,souple,,,,,
supple,assouplir,,,,,
surge,"poussée, montée, augmentation, vague, afflux, mouvement puissant, suate de courant",,,,,
surge,"déferler, se ruer, monter brusquement, couler à flot, se jeter, se presser",,,,,
surly,"bourru, maussade, revêche, renfrogné",,,,,
surmise,"conjecture, hypothèse",,,,,
surmise,"présumer, conjecturer",,,,,
swank,"crâner, esbroufer",,,,,
swank,"esbroufe, esbroufeur",,,,,
swarm up,grimper à toute vitesse,,,,,
sway,"balancement, empire, oscillation, répugnance",,,,,
sway,"influencer, se balancer, osciller, vaciller, tanguer, ballotter, avoir l'empire sur",,,,,
swell,"houle, gonflement, enflure, augmentation, accroissement, crescendo, fleche, gandin, personne huppee",,,,,
swell,"grossir, croitre, enfler, se gonfler, souffler, se ballonner, s'enfler",,,,,
swell,"chic, huppe, formidable, sensationnel, gandin",,,,,
swerve,embardée,,,,,
swerve,écarter,,,,,
swift,"rapide, agile, prompt, brusque, leste",,,,,
swift,martinet,,,,,
swill,"déchets, pâtée, ordures, gorgée",,,,,
swill,"laver, gober, boire avidement, boire à trait",,,,,
swing,"balancer, pivoter, osciller, virer, pendre, suspendre, influencer, pendiller, se refermer, réussir à faire, lancer un coup de poing, marcher d'un pas rythmé",,,,,
swing,"balançoire, revirement, changement, rythme, saute, tournée, fluctuation, déviation, coup de poing",,,,,
swirls and eddies,circular currents of water,,,,,
swish,"bruissement, froissement, chuchotis, murmure, grésillement, frou-frou",,,,,
swish,"bruire, frémir, chuchoter",,,,,
swollen,"gonflé, enflé, en crue, accru, chic",,,,,
swoon,pâmoison,,,,,
swoon,"se pâmer, s'évanouir",,,,,
tablecloth,nappe,,,,,
tackle,"tacler, aborder, plaquer, saisir à bras-le-corps, s'attaquer à",,,,,
tackle,"tacle, plaqueur, équipement, articles de pêche, appareil",,,,,
take hold,prendre racine,,,,,
take hold of,saisir,,,,,
take-out,sortie,,,,,
tame,"apprivoiser, dompter, maîtriser, dresser, soumettre, contenir",,,,,
tame,"apprivoisé, docile, fade, insipide, plat, complaisant, timide",,,,,
tangle,"enchevêtrement, fouillis, nœud, confusion, complication, dispute",,,,,
tangle,"embrouiller, enchevêtrer, s'embrouiller, s'emmêler, s'enchevêtrer, s'entortiller",,,,,
tankard,"chope, broc, carafe, cône",,,,,
tartly,aigrement,,,,,
taut,"tendu, chic, propre",,,,,
tedious,"fastidieux, ennuyeux, lassant, assommant",,,,,
tee off,commencer,,,,,
tempestuous,"orageux, tempétueux, violent, agité, passionné",,,,,
testimony,"témoignage, attestation, déposition",,,,,
thatch,"chaume, toit de chaume",,,,,
thatch,couvrir de chaume,,,,,
thaw,"dégel, détente",,,,,
thaw,"décongeler, faire dégeler, faire fondre, se réchauffer, se décongeler, se dérider",,,,,
thawing,décongélation,,,,,
the more so as,d'autant plus que,,,,,
thickish,"fourré, bouché",,,,,
thither,là,,,,,
thither,"ça et là, de ce côté-ci",,,,,
thoroughfare,rue,,,,,
thrash,"débattre, battre, rosser, rouer de coups, fustiger, donner une bonne correction",,,,,
thrash,"battage, rossée",,,,,
threadbare,"râpé, usé, élimé, rebattu",,,,,
thrill,"frisson, tressaillement, émotion, sensation",,,,,
thrill,"vibrer, tressaillir, frissonner, transporter, électriser, allumer",,,,,
thrust,"poussée, coup, initiative, dynamisme, botte, coup de couteau",,,,,
thrust,"enfoncer, plonger, tendre, fourrer, allonger, introduire de force, intervenir, écarter, lever, imposer un ordre",,,,,
thrust away,repousser,,,,,
thud,"bruit sourd, son mat",,,,,
thud,"gronder, faire un bruit sourd",,,,,
thumbnail,"a very small or concise description, representation, or summary",,,,,
thump,"grand coup, bruit lourd, coup de poigne",,,,,
thump,"cogner, frapper, taper, battre fort, assener, battre à plate, tomber lourdement, marcher à pas lourds",,,,,
thwart,"contrecarrer, contrarier, frustrer",,,,,
thwart,"biaisé, penché, oblique, opiniâtre",,,,,
tickle,"chatouiller, titiller, piquer, satisfaire, faire plaisir, passer un savon, faire rire, être heureux, être aux anges",,,,,
tickle,chatouilles,,,,,
tickle the pants off somebody,amuse greatly,,,,,
tiff,"querelle, bagarre, brouillerie, chamaillerie, prise de bec",,,,,
tiff,se disputer,,,,,
tights,collant,,,,,
tingling,picotement,,,,,
tip,"pointe, pourboire, extrémité, bout, conseil, tuyau, décharge",,,,,
tip,"basculer, donner un purboire, se renverser, incliner",,,,,
tip out,déverser,,,,,
tipsy,"pompette, éméché, parti, gai",,,,,
tiresome,"fatigant, assommant, agaçant, ennuyant",,,,,
titter,rire sottement,,,,,
titter,"gloussement, petit rire sot",,,,,
to be up the creek,to be in a very difficult situation that you're not able to improve,,,,,
to beat the band,"energetically, abundantly",,,,,
to drop a hint,to suggest something indirectly to someone,,,,,
to get a bang out of someone or something,,,,,,
"to get a kick out of someone or something""",to receive a special pleasure from,,,,,
toddle,"marcher à pas hésitant, faire ses premiers pas, se balader, trotter",,,,,
tomfoolery,"pitrerie, niaiserie, absurde",,,,,
torn,déchiré,,,,,
torpid,"torpide, engourdi",,,,,
toss,"jeter, lancer, mélanger, remuer, agiter, rejeter, repousser, renverser, jouer à pile, faner, avaler d'un coup",,,,,
toss,"tirage au sort, jet, lancement, coup de pile, coup de face",,,,,
tousled,"ébouriffé, échevelé",,,,,
traipse,"se balader, marcher d'un pas traînant",,,,,
traipse,longue promenade,,,,,
transfixed,"fascinated, spellbound, spell-bound, mesmerized, hypnotized",,,,,
tray,"plateau, plaque",,,,,
tread,"bande de roulement, semelle, pas, giron, chenille, bruit de pas",,,,,
tread,"marcher, fouler, écraser, presser de pied, avancer avec précaution, suivre qqn de près, marcher d'un pas léger",,,,,
tread,a manner or the sound of someone walking,,,,,
treasured,précieux,,,,,
tremendously,énormément,,,,,
trickle,"dégouliner, suinter, tomber goutte à goutte, faire dégouliner",,,,,
trickle,"égouttement, suintement, ruisseau",,,,,
trifle,"bagatelle, broutille, diplomate",,,,,
trifle,"se jouer de, chahuter, gaspiller",,,,,
trifling,"insignifiant, futile, négligeable, mesquin, paresseux, dispersé",,,,,
trimalchio,freedman who through hard work and perseverance has attained power and wealth,,,,,
trip out,disjoncter,,,,,
trip up,"faire trébucher, désarconner, échouer, faire une erreur, gaffer, se tromper",,,,,
trite,banal,,,,,
trunk,trompe d'éléphant,,,,,
tuck up,border qn dans son lit,,,,,
tug,"remorqueur, lutte a la corde, tirage fort, petite saccade, trace",,,,,
tug,"remorquer, tirailler, lutter, tirer fort, trainer, lutter a la corde",,,,,
tumble,"chute, culbute",,,,,
tumble,"culbuter, tomber, dégringoler, chuter, basculer, renverser, trébucher",,,,,
tunefully,mélodieusement,,,,,
turd,"merde, con, couillon",,,,,
turf,"gazon, turf, secteur",,,,,
turf,"gazonner, bazarder",,,,,
turgid,"ampoulé, turgide, boursouflé",,,,,
tusk,defense d'elephant,,,,,
twinkle,"scintillement, pétillement, éclat, clin d'œil",,,,,
twinkle,"scintiller, clignoter",,,,,
twirl,"tournoiement, pirouette, rotation, fioriture",,,,,
twirl,"tournoyer, tortiller, pivoter",,,,,
twitch,"tic, mouvement convulsif, coup sec, attraction, saccade, chevrotement, douleur cinglante",,,,,
twitch,"se convulser, donner un coup sec, attacher avec sangle, se frissonner, tirer d'un coup sec, s'agiter",,,,,
uh-oh,"phrase that indicates something is wrong. In this case, we're talking about Gatsby's illegal activities.",,,,,
ulex,ajonc,,,,,
ulster,"a man's long, loose overcoat of rough cloth, typically with a belt at the back",,,,,
uncanny,"étrange, inquiétant, mystérieux, troublant, fantastique",,,,,
unceasingly,sans cesse,,,,,
uncoil,se dérouler,,,,,
unconcernedly,avec indifférence,,,,,
undergarment,sous-vêtement,,,,,
undergrowth,"broussailles, sous-bois",,,,,
underhand,"sournois, en dessous, en sous-main",,,,,
underhand,secrètement,,,,,
understated,"sobre, discret, subtile",,,,,
undertaking,"entreprise, engagement, promesse, garantie",,,,,
undertaking,management of funerals as a profession,,,,,
undertone,"voix basse, nuance",,,,,
uneasiness,"malaise, inquiétude",,,,,
uneasy,"inquiet, difficile, gêné, agité",,,,,
unerring,"infaillible, sûr",,,,,
unheeding,indifférent,,,,,
uninflected,not varying in intonation or pitch,,,,,
unkempt,"négligé, débraillé, mal peigné",,,,,
unruffled,"lisse, non ridé",,,,,
unsought,"not searched for, requested, or desired",,,,,
unuterrably,indiciblement,,,,,
unutterable,indicible,,,,,
unwavering,inébranlable,,,,,
up-by-his-bootstraps,elevated status without help from others,,,,,
upend,"set, turn something on its end or upside down",,,,,
upheaval,"bouleversement, soulèvement, agitation, perturbation, séisme, renversement, convulsion",,,,,
upholster,"tapisser, recouvrir",,,,,
usher,"huissier, appariteur, placeur, portier",,,,,
usher,"inaugurer, introduire, annoncer, faire entrer",,,,,
utmost,"maximum, extrême, le plus grand, suprême, le plus éloigné",,,,,
utter,"prononcer, émettre, proférer, pousser, mettre en circulation, publier",,,,,
utter,"total, complet, absolu, parfait",,,,,
varnish,"vernis, émail",,,,,
varnish,"vernir, vitrifier",,,,,
veer,"virer, dévier",,,,,
veil,"voile, voilette",,,,,
veil,"voiler, dissimuler, couvrir d'un voile",,,,,
velvet,velours,,,,,
velvet,velouté,,,,,
velvety,velouteux,,,,,
vent,"conduit, tuyau, orifice, cheminée, trou, fente",,,,,
vent,"décharger, faire un trou",,,,,
vise,eteau,,,,,
vixen,"renarde, mégère",,,,,
voluble,"volubile, loquace",,,,,
wack,"a crazy or eccentric person / worthless or stupid ideas, work, or talk; rubbish",,,,,
wack,"bad, inferior",,,,,
wad,"liasse, bourre, tampon, bouchon, paquet, boulette, tas, chique de tabac",,,,,
wad,"ouater, faire un tampon de, rembourrer, boucher avec un tampon",,,,,
waddle,"se dandiner, marcher comme un canard",,,,,
waddle,dandinement,,,,,
wade,"patauger, barboter, avancer péniblement, engueuler",,,,,
wag,"remuer, agiter, frétiller, se dandiner",,,,,
wag,"farceur, plaisantin, remuement",,,,,
wail,"lamenter, gémir, vagir, pleurer, hurler, plaindre, pleurnicher",,,,,
wail,"plainte, gémissement, hurlement, vagissement",,,,,
waist,"taille, reins, étranglement, corsage, resserrement",,,,,
waist,cintrer,,,,,
waistcoat,gilet,,,,,
wallop,"coup, fracas, beigne, boucan, taloche, gnon, rossée, pet",,,,,
wallop,"donner un grand coup, cogner, flanquer une raclée, enfoncer",,,,,
wallow,"se vautrer, patauger",,,,,
wallow,"bauge, mare bourbeuse, bourbe, souillure",,,,,
wan,"blême, pâle, blafard, triste, maigre, faible",,,,,
wan,"pâlir, blêmir",,,,,
wanly,of an unnatural or sickly pallor; pallid; lacking color,,,,,
wanton,"capricieux, gratuit, dévergondé, impudique, absurde, injustifié, libertin, licencieux, vicieux, exubérant",,,,,
wanton,femme légère,,,,,
wart,"verrue, excroissance, loupe",,,,,
wary,"prudent, vigilant",,,,,
waterworks,"station hydraulique, larmes, voies urinaires",,,,,
wayward,"rebelle, rétif, imprévisible, indocile, fâcheux",,,,,
weariness,"lassitude, fatigue, àpuisement, abattement",,,,,
weary,"las, fatigué, épuisé, fatigant, abattu, triste, ennuyeux, agaçant",,,,,
weary,"lasser, ennuyer, agacer, se lasser",,,,,
wedge,"coin, cale, morceau, taquet, coincage, piquetage, chaussure a semelles",,,,,
wedge,"coincer, caler, piqueter, fourrer",,,,,
welfare,"aide sociale, bien, assistance sociale, bonheur, confort, bien-etre",,,,,
well-nigh,presque,,,,,
wheeze,"siffler, respirer bruyamment",,,,,
wheeze,"respiration bruyante, truc",,,,,
wheeze,"siffler, respirer bruyamment, respirer comme un asthmatique, avoir du mal à respirer",,,,,
wheeze,"respiration bruyante, truc",,,,,
whereupon,"après quoi, sur quoi, sur ce, sur quel",,,,,
whiff,"bouffée, souffle, grésillement / a smell that is only smelled briefly or faintly",,,,,
whiff,respirer,,,,,
whimper,"gémir, pleurnicher, geindre, plaindre, larmoyer, ronchonner",,,,,
whimper,"gémissement, geignement",,,,,
whimsicality,"caractère curieux, caractère fantasque",,,,,
whir,"vrombissement, bruissement",,,,,
whir,"ronronner, vrombir, bruire",,,,,
whistle,"siffler, siffloter, dégoter",,,,,
whistle,"sifflet, sifflement",,,,,
white-winged,à ailes blanches,,,,,
whitewashed,blanchi a la chaux,,,,,
wicker,osier,,,,,
wicker,en osier,,,,,
wig,"perruque, postiche, tignasse, réprimande",,,,,
willowy,"svelte, mince, fin, agile",,,,,
wiping,essuyage,,,,,
wire-haired,à poils durs,,,,,
wisp,"brin, mèche, petit bout, mince volute, fine",,,,,
wispy,vaporeux,,,,,
wistful,"mélancolique, nostalgique, rêveur",,,,,
wistfully,nostalgiquement,,,,,
wit,"esprit, sens, intelligence, sagesse, astuce, grand esprit, prudence, sarcasme",,,,,
withered,"flétri, fané, atrophié",,,,,
wobble,"osciller, branler, hésiter, trembloter, se balancer, se dandiner, faire basculer",,,,,
wobble,"tremblement, dandinement",,,,,
woe,malheur,,,,,
wog,a person who is not white,,,,,
woggy,penis or other phallic like object,,,,,
wont,"habitude, coutume",,,,,
wonted,habituel,,,,,
wooly,"laineux, cotonneux, confus, verbeux, écervelé",,,,,
worn,"usé, usagé, fatigué, épuisé, éreinté, fourbu, éculé",,,,,
wreath,"couronne, guirlande, ruban, volute, nappe",,,,,
wreck,"épave, naufrage, accident, ruine, décombres, épave du navire, loque humaine",,,,,
wreck,"détruire, ruiner, anéantir, démolir, briser, saccager, saboter, bousiller, faire naufrage, détraquer, esquinter, noyer, fusiller",,,,,
wrench,"clé, clé anglaise, déchirement, torsion, entorse",,,,,
wrench,"arracher, ravir, tirer violemment, se faire une entorse, se dégager, faire de la peine",,,,,
wrench away,arracher,,,,,
wretch,"misérable, malheureux, scélérat, pauvre, gueux, polisson, salaud, cabot, déchet",,,,,
wretched,"misérable, mesquin, malheureux, pitoyable, infortuné, minable, vil, diable, fichu, sordide, dérisoire, tragique, vain, déprimé",,,,,
wretchedly,misérablement,,,,,
wriggle,"frétiller, gigoter, se tortiller, se trémousser, frissonner, tressaillir, serpenter, esquiver",,,,,
wriggle,serpentement,,,,,
wriggle out,se dérober,,,,,
yank,"coup sec, saccade, arrachement",,,,,
yank,"tirer brusquement, tirer d'un coup sec",,,,,
yank,"ricain, amerloque",,,,,
yank off,"arracher, enlever, extirper d'un coup sec",,,,,
yearn,"aspirer, languir, s'attendrir, s'emouvoir",,,,,
yearning,"desir ardent, aspiration, nostalgie",,,,,
yearning,"ardent, plein de desir, vif",,,,,
yonder,"là, là-haut",,,,,
unflappability,flegme,,,,,
unflappable,imperturbable,,,,,
lambaste,criticize (someone or something) harshly / fustiger,,,,,
reprieve,"a cancellation or postponement of a punishment / grâce, sursis",,,,,
self-exculpation,auto-disculpation,,,,,
construe,interpréter,,,,,
testy,grincheux,,,,,